priority,slate_date,season,close_book,matchup,tip_utc,model_lean,faded,model_p_lean,open_q_lean,close_q_lean,move_vs_lean_pp,flipped_side,open_ml_lean,close_ml_lean,close_spread_home,final,lean_result,lean_b2b,faded_b2b,excess_logloss,espn_game
A,2026-04-12,2025-26,DraftKings,ATL @ MIA,2026-04-12T22:00Z,ATL,MIA,54.7,68.1,20.9,-47.2,True,-245,360,-10.5,117-143,L,0,0,0.558,https://www.espn.com/nba/game/_/gameId/401811044
A,2025-04-02,2024-25,ESPN BET,SAS @ DEN,2025-04-03T01:00Z,DEN,SAS,72.5,89.4,54.3,-35.1,False,-1600,-130,-2.5,113-106,L,1,1,0.508,https://www.espn.com/nba/game/_/gameId/401705676
A,2025-04-09,2024-25,ESPN BET,BOS @ ORL,2025-04-09T23:00Z,BOS,ORL,71.9,57.1,26.6,-30.5,True,-145,260,-7.5,76-96,L,1,1,0.959,https://www.espn.com/nba/game/_/gameId/401705722
A,2024-11-15,2024-25,ESPN BET,DEN @ NOP,2024-11-16T01:00Z,DEN,NOP,82.2,77.3,55.3,-22.0,False,-425,-135,2.5,94-101,L,0,0,0.92,https://www.espn.com/nba/game/_/gameId/401703386
A,2025-10-27,2025-26,ESPN BET,DEN @ MIN,2025-10-28T01:30Z,MIN,DEN,51.9,53.2,32.7,-20.5,True,-125,195,6.5,127-114,L,1,0,0.336,https://www.espn.com/nba/game/_/gameId/401809246
A,2026-02-03,2025-26,DraftKings,UTA @ IND,2026-02-04T00:00Z,IND,UTA,55.7,63.1,43.7,-19.4,True,-192,120,2.5,131-122,L,1,0,0.24,https://www.espn.com/nba/game/_/gameId/401810572
A,2025-10-31,2025-26,ESPN BET,LAL @ MEM,2025-11-01T01:30Z,MEM,LAL,52.5,64.3,45.3,-19.0,True,-200,110,1.5,117-112,L,0,0,0.141,https://www.espn.com/nba/game/_/gameId/401809506
A,2024-11-03,2024-25,ESPN BET,ATL @ NOP,2024-11-04T00:00Z,NOP,ATL,70.1,66.6,47.8,-18.8,True,-220,100,1.5,126-111,L,0,0,0.556,https://www.espn.com/nba/game/_/gameId/401704718
A,2025-04-09,2024-25,ESPN BET,HOU @ LAC,2025-04-10T02:30Z,HOU,LAC,50.1,37.0,18.9,-18.1,True,160,400,-10.5,117-134,L,0,1,0.486,https://www.espn.com/nba/game/_/gameId/401705732
A,2025-03-20,2024-25,ESPN BET,MIL @ LAL,2025-03-21T02:30Z,LAL,MIL,54.7,43.8,25.9,-17.9,True,120,270,8.5,118-89,L,1,0,0.493,https://www.espn.com/nba/game/_/gameId/401705562
A,2025-03-01,2024-25,ESPN BET,SAS @ MEM,2025-03-02T01:00Z,MEM,SAS,65.8,82.0,65.1,-16.9,False,-650,-210,-5.5,130-128,L,1,0,0.022,https://www.espn.com/nba/game/_/gameId/401705429
A,2024-11-10,2024-25,ESPN BET,SAC @ PHO,2024-11-11T01:00Z,PHO,SAC,64.3,65.6,48.9,-16.7,True,-215,-105,1.5,127-118,L,0,0,0.358,https://www.espn.com/nba/game/_/gameId/401704775
A,2025-03-31,2024-25,ESPN BET,UTA @ CHO,2025-03-31T23:00Z,UTA,CHO,53.4,54.3,37.7,-16.6,True,-130,155,-4.5,106-110,L,0,1,0.291,https://www.espn.com/nba/game/_/gameId/401705655
A,2026-01-10,2025-26,DraftKings,LAC @ DET,2026-01-11T00:30Z,DET,LAC,82.0,66.9,51.1,-15.8,False,-230,-115,-1.5,98-92,L,0,1,1.0,https://www.espn.com/nba/game/_/gameId/401810399
A,2026-02-25,2025-26,DraftKings,CLE @ MIL,2026-02-26T01:00Z,CLE,MIL,65.2,74.1,58.3,-15.8,False,-340,-155,3.5,116-118,L,1,1,0.182,https://www.espn.com/nba/game/_/gameId/401810701
A,2026-04-05,2025-26,DraftKings,LAL @ DAL,2026-04-05T23:30Z,LAL,DAL,72.9,68.5,53.2,-15.3,False,-250,-125,1.5,128-134,L,0,0,0.547,https://www.espn.com/nba/game/_/gameId/401810995
A,2025-12-27,2025-26,DraftKings,MIL @ CHI,2025-12-28T01:00Z,CHI,MIL,57.8,68.1,53.2,-14.9,False,-245,-125,-2.5,112-103,L,1,1,0.103,https://www.espn.com/nba/game/_/gameId/401810292
A,2024-12-19,2024-25,ESPN BET,LAC @ DAL,2024-12-20T01:30Z,DAL,LAC,74.2,66.8,52.2,-14.6,False,-225,-120,-1.5,118-95,L,0,0,0.617,https://www.espn.com/nba/game/_/gameId/401704934
A,2024-12-30,2024-25,ESPN BET,DAL @ SAC,2024-12-31T03:00Z,DAL,SAC,60.4,41.2,26.6,-14.6,True,135,260,-7.5,100-110,L,0,0,0.618,https://www.espn.com/nba/game/_/gameId/401705014
A,2024-11-19,2024-25,ESPN BET,CLE @ BOS,2024-11-20T00:00Z,CLE,BOS,58.6,44.7,30.4,-14.3,True,115,215,-6.5,117-120,L,0,0,0.519,https://www.espn.com/nba/game/_/gameId/401703390
A,2026-02-09,2025-26,DraftKings,PHI @ POR,2026-02-10T03:00Z,PHI,POR,55.9,54.3,40.7,-13.6,True,-130,136,-3.5,118-135,L,0,0,0.296,https://www.espn.com/nba/game/_/gameId/401810625
A,2025-01-06,2024-25,ESPN BET,PHO @ PHI,2025-01-07T00:00Z,PHI,PHO,56.8,58.8,45.7,-13.1,True,-155,110,1.5,109-99,L,0,0,0.229,https://www.espn.com/nba/game/_/gameId/401705060
A,2026-02-06,2025-26,DraftKings,NYK @ DET,2026-02-07T00:30Z,NYK,DET,54.5,47.4,34.3,-13.1,True,102,180,-5.5,80-118,L,0,1,0.369,https://www.espn.com/nba/game/_/gameId/401810597
A,2024-11-29,2024-25,ESPN BET,DET @ IND,2024-11-30T01:00Z,IND,DET,57.4,76.2,63.2,-13.0,False,-400,-195,-4.5,130-106,L,0,0,-0.146,https://www.espn.com/nba/game/_/gameId/401703414
A,2024-12-06,2024-25,ESPN BET,SAC @ SAS,2024-12-07T01:00Z,SAS,SAC,54.8,43.8,31.0,-12.8,True,120,210,6.5,140-113,L,1,1,0.423,https://www.espn.com/nba/game/_/gameId/401704903
A,2026-02-03,2025-26,DraftKings,ATL @ MIA,2026-02-04T00:30Z,MIA,ATL,63.0,64.5,51.7,-12.8,False,-205,-118,-1.5,127-115,L,0,0,0.265,https://www.espn.com/nba/game/_/gameId/401810575
A,2025-12-06,2025-26,DraftKings,HOU @ DAL,2025-12-07T01:30Z,HOU,DAL,76.1,81.7,69.1,-12.6,False,-575,-258,6.5,109-122,L,1,1,0.256,https://www.espn.com/nba/game/_/gameId/401810211
A,2024-11-27,2024-25,ESPN BET,OKC @ GSW,2024-11-28T03:00Z,GSW,OKC,58.2,51.1,38.6,-12.5,True,-115,150,4.5,105-101,L,0,0,0.384,https://www.espn.com/nba/game/_/gameId/401704865
A,2025-01-24,2024-25,ESPN BET,POR @ CHO,2025-01-25T00:00Z,CHO,POR,65.8,61.4,48.9,-12.5,True,-175,-105,-0.5,102-97,L,0,1,0.401,https://www.espn.com/nba/game/_/gameId/401705196
A,2025-03-11,2024-25,ESPN BET,MIL @ IND,2025-03-11T23:30Z,MIL,IND,52.2,58.0,45.7,-12.3,True,-150,110,-1.5,114-115,L,0,1,0.127,https://www.espn.com/nba/game/_/gameId/401705508
A,2026-01-18,2025-26,DraftKings,CHO @ DEN,2026-01-19T01:00Z,DEN,CHO,66.8,57.2,44.9,-12.3,True,-148,114,2.5,110-87,L,1,1,0.507,https://www.espn.com/nba/game/_/gameId/401810460
A,2026-04-12,2025-26,DraftKings,CHO @ NYK,2026-04-12T22:00Z,NYK,CHO,60.6,25.9,13.7,-12.2,True,270,600,14.5,110-96,L,0,0,0.785,https://www.espn.com/nba/game/_/gameId/401811045
A,2026-02-19,2025-26,DraftKings,ATL @ PHI,2026-02-20T00:00Z,PHI,ATL,58.1,63.1,51.1,-12.0,False,-192,-115,-1.5,117-107,L,0,0,0.156,https://www.espn.com/nba/game/_/gameId/401810649
A,2025-04-03,2024-25,ESPN BET,POR @ TOR,2025-04-03T23:30Z,TOR,POR,53.2,46.8,34.9,-11.9,True,105,175,5.5,112-103,L,0,0,0.329,https://www.espn.com/nba/game/_/gameId/401705682
A,2025-03-06,2024-25,ESPN BET,IND @ ATL,2025-03-07T00:30Z,IND,ATL,58.7,55.3,43.8,-11.5,True,-135,120,-1.5,118-124,L,0,0,0.307,https://www.espn.com/nba/game/_/gameId/401705465
A,2025-10-24,2025-26,ESPN BET,WAS @ DAL,2025-10-25T00:30Z,DAL,WAS,67.2,88.8,77.3,-11.5,False,-1400,-425,-9.5,117-107,L,0,0,-0.366,https://www.espn.com/nba/game/_/gameId/401809950
A,2025-10-25,2025-26,ESPN BET,IND @ MEM,2025-10-26T00:00Z,IND,MEM,59.7,56.2,44.7,-11.5,True,-140,115,-1.5,103-128,L,0,1,0.315,https://www.espn.com/nba/game/_/gameId/401809958
A,2026-01-09,2025-26,DraftKings,ATL @ DEN,2026-01-10T02:00Z,DEN,ATL,69.3,54.3,42.8,-11.5,True,-130,124,3.5,110-87,L,0,0,0.623,https://www.espn.com/nba/game/_/gameId/401810392
A,2025-03-03,2024-25,ESPN BET,POR @ PHI,2025-03-04T00:00Z,PHI,POR,56.3,58.8,47.8,-11.0,True,-155,100,1.5,119-102,L,0,1,0.177,https://www.espn.com/nba/game/_/gameId/401705442
A,2024-12-08,2024-25,ESPN BET,PHI @ CHI,2024-12-08T18:00Z,CHI,PHI,61.6,54.3,43.4,-10.9,True,-130,120,3.5,108-100,L,0,0,0.388,https://www.espn.com/nba/game/_/gameId/401704913
A,2026-02-07,2025-26,DraftKings,WAS @ BRK,2026-02-07T20:00Z,WAS,BRK,51.4,39.1,28.2,-10.9,True,145,240,-8.5,113-127,L,0,0,0.39,https://www.espn.com/nba/game/_/gameId/401810602
A,2024-12-08,2024-25,ESPN BET,DEN @ ATL,2024-12-08T23:00Z,ATL,DEN,52.5,61.4,51.1,-10.3,False,-175,-115,-0.5,141-111,L,0,1,0.029,https://www.espn.com/nba/game/_/gameId/401704916
A,2025-03-04,2024-25,ESPN BET,GSW @ NYK,2025-03-05T00:30Z,NYK,GSW,64.3,61.4,51.1,-10.3,False,-175,-115,-1.5,114-102,L,0,1,0.315,https://www.espn.com/nba/game/_/gameId/401705451
A,2025-01-14,2024-25,ESPN BET,BRK @ POR,2025-01-15T03:00Z,POR,BRK,61.2,70.4,60.2,-10.2,False,-275,-170,-3.5,132-114,L,0,0,0.027,https://www.espn.com/nba/game/_/gameId/401705126
A,2025-03-02,2024-25,ESPN BET,NOP @ UTA,2025-03-03T01:00Z,UTA,NOP,53.3,37.7,27.6,-10.1,True,155,250,7.5,128-121,L,0,0,0.438,https://www.espn.com/nba/game/_/gameId/401705438
A,2025-01-17,2024-25,ESPN BET,OKC @ DAL,2025-01-18T01:30Z,OKC,DAL,62.5,67.3,57.4,-9.9,False,-230,-150,2.5,98-106,L,1,0,0.128,https://www.espn.com/nba/game/_/gameId/401705149
A,2025-02-04,2024-25,ESPN BET,DAL @ PHI,2025-02-05T00:00Z,DAL,PHI,54.4,48.9,39.1,-9.8,True,-105,145,-3.5,116-118,L,0,0,0.289,https://www.espn.com/nba/game/_/gameId/401705278
A,2025-04-11,2024-25,ESPN BET,HOU @ LAL,2025-04-12T02:30Z,HOU,LAL,51.2,21.7,11.9,-9.8,True,340,700,-13.5,109-140,L,0,0,0.591,https://www.espn.com/nba/game/_/gameId/401705751
A,2025-01-15,2024-25,ESPN BET,HOU @ DEN,2025-01-16T02:00Z,DEN,HOU,57.8,45.7,36.1,-9.6,True,110,165,5.5,128-108,L,1,0,0.414,https://www.espn.com/nba/game/_/gameId/401705134
A,2024-10-26,2024-25,ESPN BET,LAC @ DEN,2024-10-26T21:00Z,DEN,LAC,69.2,82.8,73.3,-9.5,False,-700,-320,-7.5,109-104,L,0,0,-0.141,https://www.espn.com/nba/game/_/gameId/401704653
A,2025-02-07,2024-25,ESPN BET,MIL @ ATL,2025-02-08T00:30Z,MIL,ATL,60.8,65.1,55.6,-9.5,False,-210,-140,2.5,110-115,L,0,0,0.123,https://www.espn.com/nba/game/_/gameId/401705302
A,2024-12-07,2024-25,ESPN BET,DET @ NYK,2024-12-08T00:30Z,NYK,DET,80.1,82.8,73.4,-9.4,False,-700,-330,-8.5,120-111,L,0,0,0.29,https://www.espn.com/nba/game/_/gameId/401704909
A,2025-01-16,2024-25,ESPN BET,IND @ DET,2025-01-17T00:00Z,DET,IND,50.2,56.2,46.8,-9.4,True,-140,105,1.5,111-100,L,0,0,0.067,https://www.espn.com/nba/game/_/gameId/401705138
A,2026-01-09,2025-26,DraftKings,LAC @ BRK,2026-01-10T00:30Z,BRK,LAC,51.6,43.7,34.3,-9.4,True,120,180,5.5,121-105,L,0,0,0.307,https://www.espn.com/nba/game/_/gameId/401810390
A,2026-01-30,2025-26,DraftKings,LAC @ DEN,2026-01-31T02:00Z,LAC,DEN,50.7,65.7,56.3,-9.4,False,-218,-142,2.5,109-122,L,0,1,-0.123,https://www.espn.com/nba/game/_/gameId/401810550
A,2026-01-17,2025-26,DraftKings,PHO @ NYK,2026-01-18T00:30Z,NYK,PHO,56.0,60.4,51.1,-9.3,False,-170,-115,-1.5,106-99,L,0,0,0.105,https://www.espn.com/nba/game/_/gameId/401810451
A,2026-04-05,2025-26,DraftKings,ORL @ NOP,2026-04-05T23:00Z,NOP,ORL,57.5,40.7,31.5,-9.2,True,136,205,6.5,112-108,L,0,0,0.478,https://www.espn.com/nba/game/_/gameId/401810993
A,2025-01-23,2024-25,ESPN BET,POR @ ORL,2025-01-24T00:00Z,ORL,POR,65.2,78.3,69.5,-8.8,False,-450,-260,-6.5,101-79,L,0,0,-0.131,https://www.espn.com/nba/game/_/gameId/401705188
A,2025-10-31,2025-26,ESPN BET,TOR @ CLE,2025-10-31T23:30Z,CLE,TOR,79.0,71.7,63.0,-8.7,False,-290,-190,-4.5,112-101,L,0,0,0.566,https://www.espn.com/nba/game/_/gameId/401809504
A,2025-02-01,2024-25,ESPN BET,MIA @ SAS,2025-02-02T01:30Z,SAS,MIA,51.3,51.1,42.6,-8.5,True,-115,125,2.5,105-103,L,1,0,0.164,https://www.espn.com/nba/game/_/gameId/401705259
A,2026-01-22,2025-26,DraftKings,CHO @ ORL,2026-01-23T00:00Z,ORL,CHO,62.9,68.5,60.0,-8.5,False,-250,-166,-3.5,124-97,L,0,1,0.077,https://www.espn.com/nba/game/_/gameId/401810482
A,2025-01-13,2024-25,ESPN BET,MIA @ LAC,2025-01-14T03:30Z,MIA,LAC,52.2,35.7,27.3,-8.4,True,170,250,-7.5,98-109,L,0,0,0.421,https://www.espn.com/nba/game/_/gameId/401705119
A,2026-01-20,2025-26,DraftKings,LAL @ DEN,2026-01-21T03:00Z,DEN,LAL,62.4,48.3,40.0,-8.3,True,-102,140,3.5,115-107,L,0,0,0.467,https://www.espn.com/nba/game/_/gameId/401810472
A,2026-01-30,2025-26,DraftKings,CLE @ PHO,2026-01-31T02:00Z,CLE,PHO,58.7,60.9,52.6,-8.3,False,-175,-122,1.5,113-126,L,0,1,0.138,https://www.espn.com/nba/game/_/gameId/401810548
A,2025-04-11,2024-25,ESPN BET,ORL @ IND,2025-04-11T23:00Z,IND,ORL,64.1,68.9,60.7,-8.2,False,-250,-170,-3.5,129-115,L,1,0,0.091,https://www.espn.com/nba/game/_/gameId/401705738
A,2024-11-06,2024-25,ESPN BET,LAL @ MEM,2024-11-07T01:00Z,LAL,MEM,50.6,47.8,39.8,-8.0,True,100,140,-4.5,114-131,L,0,0,0.197,https://www.espn.com/nba/game/_/gameId/401704740
A,2025-02-01,2024-25,ESPN BET,WAS @ MIN,2025-02-02T01:00Z,MIN,WAS,92.1,91.3,83.3,-8.0,False,-2000,-650,-11.5,105-103,L,0,0,0.744,https://www.espn.com/nba/game/_/gameId/401705256
A,2025-02-12,2024-25,ESPN BET,MEM @ LAC,2025-02-13T03:30Z,MEM,LAC,51.7,40.1,32.1,-8.0,True,140,200,-6.5,114-128,L,1,0,0.34,https://www.espn.com/nba/game/_/gameId/401705349
A,2025-04-13,2024-25,ESPN BET,LAL @ POR,2025-04-13T19:30Z,LAL,POR,58.0,42.9,34.9,-8.0,True,125,175,-5.5,81-109,L,0,0,0.439,https://www.espn.com/nba/game/_/gameId/401705765
A,2025-12-19,2025-26,DraftKings,CHI @ CLE,2025-12-20T00:30Z,CLE,CHI,71.3,69.6,61.6,-8.0,False,-265,-180,-4.5,136-125,L,0,0,0.29,https://www.espn.com/nba/game/_/gameId/401810239
A,2026-02-19,2025-26,DraftKings,HOU @ CHO,2026-02-20T00:00Z,CHO,HOU,51.6,44.9,36.9,-8.0,True,114,160,4.5,105-101,L,0,0,0.265,https://www.espn.com/nba/game/_/gameId/401810647
B,2026-03-19,2025-26,DraftKings,LAC @ NOP,2026-03-20T00:00Z,LAC,NOP,52.1,47.8,40.0,-7.8,True,100,140,-4.5,99-105,L,1,1,0.224,https://www.espn.com/nba/game/_/gameId/401810867
B,2024-11-12,2024-25,ESPN BET,MIA @ DET,2024-11-13T00:00Z,MIA,DET,56.8,59.9,52.2,-7.7,False,-165,-120,1.5,121-123,L,0,0,0.101,https://www.espn.com/nba/game/_/gameId/401703371
B,2025-01-31,2024-25,ESPN BET,PHO @ GSW,2025-02-01T03:00Z,GSW,PHO,55.9,51.1,43.4,-7.7,True,-115,120,2.5,130-105,L,0,0,0.249,https://www.espn.com/nba/game/_/gameId/401705251
B,2025-12-03,2025-26,DraftKings,LAC @ ATL,2025-12-04T00:30Z,ATL,LAC,81.4,60.9,53.2,-7.7,False,-175,-125,-1.5,115-92,L,0,0,0.921,https://www.espn.com/nba/game/_/gameId/401810182
B,2025-12-29,2025-26,DraftKings,DEN @ MIA,2025-12-30T00:30Z,DEN,MIA,56.2,60.9,53.2,-7.7,False,-175,-125,1.5,123-147,L,0,0,0.065,https://www.espn.com/nba/game/_/gameId/401810305
B,2024-12-06,2024-25,ESPN BET,MIN @ GSW,2024-12-07T03:00Z,GSW,MIN,54.7,55.3,47.8,-7.5,True,-135,100,1.5,107-90,L,1,0,0.141,https://www.espn.com/nba/game/_/gameId/401704904
B,2025-03-03,2024-25,ESPN BET,SAC @ DAL,2025-03-04T01:30Z,DAL,SAC,55.5,53.2,45.7,-7.5,True,-125,110,1.5,122-98,L,0,0,0.198,https://www.espn.com/nba/game/_/gameId/401705446
B,2025-03-14,2024-25,ESPN BET,LAC @ ATL,2025-03-14T23:30Z,ATL,LAC,51.5,42.9,35.5,-7.4,True,125,170,4.5,121-98,L,0,0,0.284,https://www.espn.com/nba/game/_/gameId/401705526
B,2026-01-02,2025-26,DraftKings,ATL @ NYK,2026-01-03T00:30Z,NYK,ATL,74.0,69.6,62.2,-7.4,False,-265,-185,-4.5,111-99,L,0,0,0.374,https://www.espn.com/nba/game/_/gameId/401810334
B,2026-01-20,2025-26,DraftKings,PHO @ PHI,2026-01-21T00:00Z,PHI,PHO,53.2,51.1,43.7,-7.4,True,-115,120,2.5,116-110,L,1,1,0.186,https://www.espn.com/nba/game/_/gameId/401810468
B,2025-01-21,2024-25,ESPN BET,POR @ MIA,2025-01-22T00:30Z,MIA,POR,78.8,82.8,75.5,-7.3,False,-700,-375,-8.5,116-107,L,0,0,0.147,https://www.espn.com/nba/game/_/gameId/401705173
B,2025-11-22,2025-26,ESPN BET,MEM @ DAL,2025-11-23T01:30Z,DAL,MEM,51.7,56.2,48.9,-7.3,True,-140,-105,-1.5,102-96,L,1,0,0.056,https://www.espn.com/nba/game/_/gameId/401810128
B,2026-01-28,2025-26,DraftKings,ATL @ BOS,2026-01-29T00:30Z,BOS,ATL,73.7,71.8,64.5,-7.3,False,-298,-205,-5.5,117-106,L,0,0,0.301,https://www.espn.com/nba/game/_/gameId/401810528
B,2025-11-12,2025-26,ESPN BET,MIL @ CHO,2025-11-13T00:00Z,MIL,CHO,66.3,64.3,57.1,-7.2,False,-200,-145,2.5,100-111,L,0,0,0.241,https://www.espn.com/nba/game/_/gameId/401810068
B,2024-12-26,2024-25,ESPN BET,BRK @ MIL,2024-12-27T01:00Z,MIL,BRK,83.2,76.2,69.1,-7.1,False,-400,-260,-6.5,111-105,L,0,0,0.61,https://www.espn.com/nba/game/_/gameId/401704981
B,2026-01-02,2025-26,DraftKings,POR @ NOP,2026-01-03T01:00Z,NOP,POR,54.3,47.8,40.7,-7.1,True,100,136,3.5,122-109,L,0,0,0.261,https://www.espn.com/nba/game/_/gameId/401810337
B,2025-01-15,2024-25,ESPN BET,CHO @ UTA,2025-01-16T02:00Z,UTA,CHO,56.8,41.2,34.2,-7.0,True,135,180,5.5,117-112,L,0,0,0.422,https://www.espn.com/nba/game/_/gameId/401705135
B,2025-03-14,2024-25,ESPN BET,CHO @ SAS,2025-03-15T00:00Z,SAS,CHO,75.9,62.3,55.3,-7.0,False,-185,-135,-2.5,145-134,L,0,0,0.618,https://www.espn.com/nba/game/_/gameId/401705530
B,2025-11-21,2025-26,ESPN BET,BRK @ BOS,2025-11-22T00:30Z,BOS,BRK,90.8,90.5,83.5,-7.0,False,-1800,-750,-13.5,113-105,L,0,0,0.586,https://www.espn.com/nba/game/_/gameId/401809791
B,2025-01-12,2024-25,ESPN BET,DEN @ DAL,2025-01-12T20:00Z,DAL,DEN,52.2,40.1,33.2,-6.9,True,140,190,5.5,112-101,L,0,0,0.335,https://www.espn.com/nba/game/_/gameId/401705106
B,2025-11-29,2025-26,DraftKings,CHI @ IND,2025-11-30T00:30Z,CHI,IND,59.9,63.1,56.3,-6.8,False,-192,-142,2.5,101-103,L,1,1,0.084,https://www.espn.com/nba/game/_/gameId/401810150
B,2025-02-07,2024-25,ESPN BET,SAS @ CHO,2025-02-08T00:00Z,SAS,CHO,56.4,82.8,76.2,-6.6,False,-700,-400,9.5,116-117,L,0,0,-0.605,https://www.espn.com/nba/game/_/gameId/401705300
B,2025-02-07,2024-25,ESPN BET,MIA @ BRK,2025-02-08T00:30Z,MIA,BRK,64.1,71.7,65.1,-6.6,False,-290,-210,5.5,86-102,L,0,0,-0.028,https://www.espn.com/nba/game/_/gameId/401705303
B,2025-02-11,2024-25,ESPN BET,DET @ CHI,2025-02-12T01:00Z,CHI,DET,51.6,42.9,36.3,-6.6,True,125,165,5.5,132-92,L,0,0,0.273,https://www.espn.com/nba/game/_/gameId/401705332
B,2025-04-04,2024-25,ESPN BET,DEN @ GSW,2025-04-05T02:00Z,DEN,GSW,54.1,47.8,41.2,-6.6,True,100,135,-3.5,104-118,L,0,1,0.249,https://www.espn.com/nba/game/_/gameId/401705691
B,2025-04-11,2024-25,ESPN BET,SAS @ PHO,2025-04-12T02:00Z,SAS,PHO,50.8,39.3,32.7,-6.6,True,145,195,-5.5,98-117,L,0,0,0.312,https://www.espn.com/nba/game/_/gameId/401705748
B,2026-03-04,2025-26,DraftKings,POR @ MEM,2026-03-05T01:00Z,MEM,POR,52.7,30.0,23.4,-6.6,True,220,310,9.5,122-114,L,1,0,0.481,https://www.espn.com/nba/game/_/gameId/401810751
B,2025-11-28,2025-26,DraftKings,SAS @ DEN,2025-11-29T02:30Z,DEN,SAS,63.1,78.7,72.2,-6.5,False,-455,-305,-7.5,139-136,L,0,0,-0.282,https://www.espn.com/nba/game/_/gameId/401809818
B,2026-01-29,2025-26,DraftKings,MIA @ CHI,2026-01-30T01:00Z,CHI,MIA,54.4,52.2,45.7,-6.5,True,-120,110,2.5,116-113,L,1,1,0.175,https://www.espn.com/nba/game/_/gameId/401850920
B,2024-12-19,2024-25,ESPN BET,BRK @ TOR,2024-12-20T00:30Z,TOR,BRK,62.0,60.7,54.3,-6.4,False,-170,-130,-2.5,101-94,L,0,0,0.184,https://www.espn.com/nba/game/_/gameId/401704930
B,2024-11-09,2024-25,ESPN BET,UTA @ SAS,2024-11-09T22:00Z,SAS,UTA,81.2,74.8,68.5,-6.3,False,-360,-250,-6.5,111-110,L,0,0,0.515,https://www.espn.com/nba/game/_/gameId/401704763
B,2025-10-24,2025-26,ESPN BET,MIA @ MEM,2025-10-25T00:00Z,MEM,MIA,63.7,64.3,58.0,-6.3,False,-200,-150,-3.5,146-114,L,0,0,0.146,https://www.espn.com/nba/game/_/gameId/401809948
B,2025-12-12,2025-26,DraftKings,CHI @ CHO,2025-12-13T00:00Z,CHO,CHI,53.5,50.0,43.7,-6.3,True,-110,120,2.5,129-126,L,0,0,0.192,https://www.espn.com/nba/game/_/gameId/401836750
B,2026-02-09,2025-26,DraftKings,UTA @ MIA,2026-02-10T00:30Z,MIA,UTA,73.8,74.8,68.5,-6.3,False,-355,-250,-5.5,115-111,L,1,0,0.185,https://www.espn.com/nba/game/_/gameId/401810618
B,2024-11-04,2024-25,ESPN BET,POR @ NOP,2024-11-05T02:30Z,NOP,POR,75.5,56.2,50.0,-6.2,False,-140,-110,-1.5,118-100,L,1,0,0.714,https://www.espn.com/nba/game/_/gameId/401704730
B,2025-01-09,2024-25,ESPN BET,MIN @ ORL,2025-01-10T00:00Z,ORL,MIN,52.5,39.3,33.1,-6.2,True,145,190,5.5,104-89,L,0,0,0.343,https://www.espn.com/nba/game/_/gameId/401705085
B,2026-01-09,2025-26,DraftKings,PHI @ ORL,2026-01-10T00:00Z,ORL,PHI,53.3,47.8,41.7,-6.1,True,100,130,3.5,103-91,L,0,0,0.221,https://www.espn.com/nba/game/_/gameId/401810388
B,2024-11-23,2024-25,ESPN BET,GSW @ SAS,2024-11-24T01:30Z,GSW,SAS,64.7,64.3,58.3,-6.0,False,-200,-155,3.5,94-104,L,1,0,0.166,https://www.espn.com/nba/game/_/gameId/401704835
B,2025-01-21,2024-25,ESPN BET,ORL @ TOR,2025-01-22T00:30Z,ORL,TOR,52.8,57.1,51.1,-6.0,False,-145,-115,1.5,93-109,L,0,0,0.037,https://www.espn.com/nba/game/_/gameId/401705174
B,2025-12-25,2025-26,DraftKings,SAS @ OKC,2025-12-25T19:30Z,OKC,SAS,70.6,80.8,74.8,-6.0,False,-535,-355,-10.5,117-102,L,0,0,-0.153,https://www.espn.com/nba/game/_/gameId/401809239
B,2025-01-22,2024-25,ESPN BET,MIN @ DAL,2025-01-23T00:30Z,DAL,MIN,57.1,46.8,40.9,-5.9,True,105,135,3.5,115-114,L,0,0,0.321,https://www.espn.com/nba/game/_/gameId/401705180
B,2025-03-31,2024-25,ESPN BET,BRK @ DAL,2025-04-01T00:30Z,DAL,BRK,70.5,83.5,77.6,-5.9,False,-750,-435,-9.5,113-109,L,0,0,-0.274,https://www.espn.com/nba/game/_/gameId/401705661
B,2025-04-07,2024-25,ESPN BET,SAC @ DET,2025-04-07T23:00Z,DET,SAC,74.4,68.9,63.0,-5.9,False,-250,-190,-4.5,127-117,L,0,1,0.37,https://www.espn.com/nba/game/_/gameId/401705710
B,2024-11-27,2024-25,ESPN BET,ATL @ CLE,2024-11-28T00:00Z,CLE,ATL,90.3,82.0,76.2,-5.8,False,-650,-400,-9.5,135-124,L,0,0,0.899,https://www.espn.com/nba/game/_/gameId/401704853
B,2025-11-05,2025-26,ESPN BET,OKC @ POR,2025-11-06T03:00Z,OKC,POR,58.8,65.6,59.9,-5.7,False,-215,-165,3.5,119-121,L,1,0,-0.026,https://www.espn.com/nba/game/_/gameId/401810035
B,2026-02-05,2025-26,DraftKings,SAS @ DAL,2026-02-06T01:30Z,DAL,SAS,50.1,33.1,27.4,-5.7,True,190,250,7.5,135-123,L,0,1,0.375,https://www.espn.com/nba/game/_/gameId/401810593
B,2025-01-25,2024-25,ESPN BET,MIL @ LAC,2025-01-26T03:30Z,MIL,LAC,53.5,45.7,40.1,-5.6,True,110,140,-3.5,117-127,L,0,0,0.253,https://www.espn.com/nba/game/_/gameId/401705212
B,2025-03-12,2024-25,ESPN BET,MIN @ DEN,2025-03-13T02:00Z,DEN,MIN,62.9,58.8,53.2,-5.6,False,-155,-125,-1.5,115-95,L,0,0,0.23,https://www.espn.com/nba/game/_/gameId/401705518
B,2025-11-04,2025-26,ESPN BET,CHO @ NOP,2025-11-05T01:00Z,CHO,NOP,52.2,46.8,41.2,-5.6,True,105,135,-3.5,112-116,L,0,0,0.207,https://www.espn.com/nba/game/_/gameId/401810023
B,2026-04-06,2025-26,DraftKings,DET @ ORL,2026-04-06T23:00Z,DET,ORL,79.0,57.2,51.7,-5.5,False,-148,-118,1.5,107-123,L,0,1,0.83,https://www.espn.com/nba/game/_/gameId/401810999
B,2024-10-26,2024-25,ESPN BET,ORL @ MEM,2024-10-27T00:00Z,ORL,MEM,74.0,54.3,48.9,-5.4,True,-130,-105,-0.5,111-124,L,1,1,0.676,https://www.espn.com/nba/game/_/gameId/401704658
B,2024-11-04,2024-25,ESPN BET,IND @ DAL,2024-11-05T02:45Z,DAL,IND,61.8,66.8,61.4,-5.4,False,-225,-175,-4.5,134-127,L,1,0,0.01,https://www.espn.com/nba/game/_/gameId/401704731
B,2024-11-15,2024-25,ESPN BET,MIN @ SAC,2024-11-16T03:00Z,SAC,MIN,61.3,52.2,46.8,-5.4,True,-120,105,1.5,130-126,L,0,0,0.319,https://www.espn.com/nba/game/_/gameId/401703389
B,2025-03-15,2024-25,ESPN BET,WAS @ DEN,2025-03-16T01:00Z,DEN,WAS,84.2,89.4,84.0,-5.4,False,-1600,-700,-12.5,126-123,L,1,0,0.015,https://www.espn.com/nba/game/_/gameId/401705541
B,2025-11-16,2025-26,ESPN BET,BRK @ WAS,2025-11-16T23:00Z,WAS,BRK,62.2,60.7,55.3,-5.4,False,-170,-135,-2.5,129-106,L,0,0,0.169,https://www.espn.com/nba/game/_/gameId/401810090
B,2026-01-02,2025-26,DraftKings,DEN @ CLE,2026-01-03T00:30Z,DEN,CLE,52.9,19.6,14.2,-5.4,True,390,575,-13.5,108-113,L,0,0,0.599,https://www.espn.com/nba/game/_/gameId/401810333
B,2026-01-29,2025-26,DraftKings,DET @ PHO,2026-01-30T02:00Z,DET,PHO,56.6,63.7,58.3,-5.4,False,-198,-155,3.5,96-114,L,0,0,-0.041,https://www.espn.com/nba/game/_/gameId/401810540
B,2024-11-23,2024-25,ESPN BET,POR @ HOU,2024-11-24T01:00Z,HOU,POR,90.2,90.5,85.2,-5.3,False,-1800,-800,-12.5,104-98,L,1,1,0.413,https://www.espn.com/nba/game/_/gameId/401704833
B,2025-04-01,2024-25,ESPN BET,POR @ ATL,2025-04-01T23:30Z,ATL,POR,63.4,70.4,65.1,-5.3,False,-275,-210,-5.5,127-113,L,0,0,-0.047,https://www.espn.com/nba/game/_/gameId/401705663
B,2026-01-20,2025-26,DraftKings,TOR @ GSW,2026-01-21T03:00Z,GSW,TOR,56.3,66.9,61.6,-5.3,False,-230,-180,-4.5,145-127,L,1,0,-0.13,https://www.espn.com/nba/game/_/gameId/401810473
B,2026-02-23,2025-26,DraftKings,SAC @ MEM,2026-02-24T01:00Z,MEM,SAC,75.5,61.6,56.3,-5.3,False,-180,-142,-2.5,123-114,L,0,0,0.577,https://www.espn.com/nba/game/_/gameId/401810684
B,2026-02-25,2025-26,DraftKings,GSW @ MEM,2026-02-26T00:30Z,MEM,GSW,56.1,43.7,38.4,-5.3,True,120,150,3.5,133-112,L,0,1,0.339,https://www.espn.com/nba/game/_/gameId/401810699
B,2025-01-20,2024-25,ESPN BET,DAL @ CHO,2025-01-20T17:00Z,DAL,CHO,67.6,65.1,59.9,-5.2,False,-210,-165,3.5,105-110,L,0,0,0.213,https://www.espn.com/nba/game/_/gameId/401705165
B,2025-02-01,2024-25,ESPN BET,ORL @ UTA,2025-02-01T22:00Z,ORL,UTA,52.2,66.8,61.6,-5.2,False,-225,-180,3.5,99-113,L,0,0,-0.221,https://www.espn.com/nba/game/_/gameId/401705253
B,2025-02-08,2024-25,ESPN BET,BOS @ NYK,2025-02-09T01:30Z,NYK,BOS,50.8,47.8,42.6,-5.2,True,100,125,2.5,131-104,L,0,0,0.154,https://www.espn.com/nba/game/_/gameId/401705314
B,2025-03-19,2024-25,ESPN BET,MEM @ POR,2025-03-20T02:00Z,MEM,POR,56.4,66.8,61.6,-5.2,False,-225,-180,4.5,99-115,L,0,0,-0.129,https://www.espn.com/nba/game/_/gameId/401705574
B,2025-11-28,2025-26,DraftKings,ORL @ DET,2025-11-29T00:30Z,DET,ORL,61.1,64.5,59.3,-5.2,False,-205,-162,-3.5,112-109,L,0,0,0.045,https://www.espn.com/nba/game/_/gameId/401809814
B,2026-01-30,2025-26,DraftKings,TOR @ ORL,2026-01-31T00:30Z,TOR,ORL,53.9,48.9,43.7,-5.2,True,-105,120,-2.5,120-130,L,0,0,0.2,https://www.espn.com/nba/game/_/gameId/401810542
B,2026-02-26,2025-26,DraftKings,HOU @ ORL,2026-02-27T00:30Z,ORL,HOU,51.2,48.9,43.7,-5.2,True,-105,120,2.5,113-108,L,0,1,0.143,https://www.espn.com/nba/game/_/gameId/401810707
B,2025-02-22,2024-25,ESPN BET,PHO @ CHI,2025-02-22T22:00Z,CHI,PHO,50.7,41.2,36.1,-5.1,True,135,165,5.5,121-117,L,0,0,0.259,https://www.espn.com/nba/game/_/gameId/401705372
B,2025-03-24,2024-25,ESPN BET,CHI @ DEN,2025-03-25T01:00Z,DEN,CHI,60.4,60.7,55.6,-5.1,False,-170,-140,-2.5,129-119,L,1,0,0.115,https://www.espn.com/nba/game/_/gameId/401705608
B,2025-04-01,2024-25,ESPN BET,ORL @ SAS,2025-04-02T00:00Z,SAS,ORL,64.5,39.3,34.2,-5.1,True,145,180,5.5,116-105,L,0,1,0.617,https://www.espn.com/nba/game/_/gameId/401705554
B,2025-11-24,2025-26,ESPN BET,POR @ MIL,2025-11-25T01:00Z,MIL,POR,76.5,56.2,51.1,-5.1,False,-140,-115,-1.5,115-103,L,0,1,0.733,https://www.espn.com/nba/game/_/gameId/401810143
B,2025-12-05,2025-26,DraftKings,CHO @ TOR,2025-12-06T00:30Z,TOR,CHO,75.8,75.1,70.0,-5.1,False,-360,-270,-6.5,111-86,L,1,0,0.215,https://www.espn.com/nba/game/_/gameId/401810199
B,2024-11-04,2024-25,ESPN BET,SAC @ MIA,2024-11-05T01:15Z,MIA,SAC,60.5,57.1,52.2,-4.9,False,-145,-120,-0.5,111-110,L,0,0,0.191,https://www.espn.com/nba/game/_/gameId/401704725
B,2024-11-12,2024-25,ESPN BET,MIN @ POR,2024-11-13T03:00Z,MIN,POR,84.8,77.3,72.4,-4.9,False,-425,-300,8.5,108-122,L,0,0,0.595,https://www.espn.com/nba/game/_/gameId/401703377
B,2025-01-29,2024-25,ESPN BET,BRK @ CHO,2025-01-30T00:00Z,CHO,BRK,73.1,57.1,52.2,-4.9,False,-145,-120,-1.5,104-83,L,0,0,0.575,https://www.espn.com/nba/game/_/gameId/401705229
B,2026-01-18,2025-26,DraftKings,POR @ SAC,2026-01-19T02:00Z,SAC,POR,51.6,53.2,48.3,-4.9,True,-125,-102,1.5,117-110,L,0,1,0.067,https://www.espn.com/nba/game/_/gameId/401810461
B,2025-01-23,2024-25,ESPN BET,TOR @ ATL,2025-01-24T00:30Z,ATL,TOR,61.7,70.0,65.2,-4.8,False,-270,-215,-5.5,122-119,L,1,0,-0.096,https://www.espn.com/nba/game/_/gameId/401705189
B,2025-12-20,2025-26,DraftKings,HOU @ DEN,2025-12-20T22:00Z,DEN,HOU,64.0,52.2,47.4,-4.8,True,-120,102,1.5,115-101,L,0,0,0.38,https://www.espn.com/nba/game/_/gameId/401810241
B,2026-03-12,2025-26,DraftKings,DAL @ MEM,2026-03-13T00:00Z,MEM,DAL,62.8,39.1,34.3,-4.8,True,145,180,5.5,120-112,L,0,0,0.57,https://www.espn.com/nba/game/_/gameId/401810966
B,2024-11-10,2024-25,ESPN BET,GSW @ OKC,2024-11-11T00:00Z,OKC,GSW,62.7,74.1,69.5,-4.6,False,-340,-260,-6.5,127-116,L,0,0,-0.2,https://www.espn.com/nba/game/_/gameId/401704773
B,2024-11-13,2024-25,ESPN BET,CHI @ NYK,2024-11-14T00:30Z,NYK,CHI,67.1,79.3,74.8,-4.5,False,-500,-360,-8.5,124-123,L,1,0,-0.268,https://www.espn.com/nba/game/_/gameId/401704785
B,2025-03-17,2024-25,ESPN BET,MEM @ SAC,2025-03-18T02:00Z,MEM,SAC,55.8,45.7,41.2,-4.5,True,110,135,-3.5,122-132,L,0,0,0.285,https://www.espn.com/nba/game/_/gameId/401705558
B,2024-11-18,2024-25,ESPN BET,ATL @ SAC,2024-11-19T03:00Z,SAC,ATL,77.6,64.3,59.9,-4.4,False,-200,-165,-4.5,109-108,L,0,1,0.581,https://www.espn.com/nba/game/_/gameId/401704816
B,2025-02-05,2024-25,ESPN BET,ORL @ SAC,2025-02-06T03:00Z,SAC,ORL,72.7,64.3,59.9,-4.4,False,-200,-165,-3.5,130-111,L,0,0,0.385,https://www.espn.com/nba/game/_/gameId/401705293
B,2025-03-20,2024-25,ESPN BET,NYK @ CHO,2025-03-20T23:00Z,NYK,CHO,69.9,76.2,71.8,-4.4,False,-400,-300,7.5,98-115,L,1,0,-0.067,https://www.espn.com/nba/game/_/gameId/401705576
B,2025-11-10,2025-26,ESPN BET,SAS @ CHI,2025-11-11T01:00Z,CHI,SAS,53.0,40.1,35.7,-4.4,True,140,170,5.5,121-117,L,0,0,0.313,https://www.espn.com/nba/game/_/gameId/401810057
B,2025-11-18,2025-26,ESPN BET,DET @ ATL,2025-11-19T00:30Z,ATL,DET,59.4,52.2,47.8,-4.4,True,-120,100,1.5,120-112,L,0,1,0.251,https://www.espn.com/nba/game/_/gameId/401810106
B,2025-12-29,2025-26,DraftKings,CLE @ SAS,2025-12-30T01:00Z,SAS,CLE,66.9,63.7,59.3,-4.4,False,-198,-162,-3.5,113-101,L,0,0,0.206,https://www.espn.com/nba/game/_/gameId/401810311
B,2024-11-21,2024-25,ESPN BET,MIN @ TOR,2024-11-22T00:30Z,MIN,TOR,67.5,74.8,70.5,-4.3,False,-360,-280,6.5,105-110,L,0,0,-0.1,https://www.espn.com/nba/game/_/gameId/401704827
B,2025-02-23,2024-25,ESPN BET,SAS @ NOP,2025-02-24T00:00Z,SAS,NOP,59.0,50.0,45.7,-4.3,True,-110,110,-2.5,96-114,L,0,0,0.281,https://www.espn.com/nba/game/_/gameId/401705384
B,2025-03-12,2024-25,ESPN BET,OKC @ BOS,2025-03-12T23:30Z,BOS,OKC,50.4,62.3,58.0,-4.3,False,-185,-150,-2.5,118-112,L,0,0,-0.166,https://www.espn.com/nba/game/_/gameId/401705512
B,2025-03-26,2024-25,ESPN BET,LAL @ IND,2025-03-26T23:30Z,IND,LAL,58.2,53.2,48.9,-4.3,True,-125,-105,-0.5,120-119,L,0,0,0.2,https://www.espn.com/nba/game/_/gameId/401705621
B,2025-12-19,2025-26,DraftKings,OKC @ MIN,2025-12-20T02:30Z,OKC,MIN,62.6,73.4,69.1,-4.3,False,-325,-258,5.5,107-112,L,1,0,-0.191,https://www.espn.com/nba/game/_/gameId/401810240
B,2026-02-06,2025-26,DraftKings,NOP @ MIN,2026-02-07T01:00Z,MIN,NOP,80.4,78.7,74.4,-4.3,False,-455,-345,-8.5,119-115,L,0,0,0.268,https://www.espn.com/nba/game/_/gameId/401810599
B,2026-01-12,2025-26,DraftKings,PHI @ TOR,2026-01-13T00:30Z,TOR,PHI,55.9,44.9,40.7,-4.2,True,114,136,3.5,115-102,L,1,1,0.296,https://www.espn.com/nba/game/_/gameId/401810415
B,2026-03-01,2025-26,DraftKings,MIL @ CHI,2026-03-01T20:30Z,MIL,CHI,51.8,59.3,55.1,-4.2,False,-162,-135,2.5,97-120,L,0,0,-0.072,https://www.espn.com/nba/game/_/gameId/401810725
B,2025-12-11,2025-26,DraftKings,POR @ NOP,2025-12-12T01:00Z,POR,NOP,53.6,64.5,60.4,-4.1,False,-205,-170,4.5,120-143,L,0,0,-0.158,https://www.espn.com/nba/game/_/gameId/401836748
B,2025-12-27,2025-26,DraftKings,UTA @ SAS,2025-12-28T01:00Z,SAS,UTA,90.8,89.3,85.2,-4.1,False,-1350,-800,-14.5,127-114,L,0,1,0.475,https://www.espn.com/nba/game/_/gameId/401810295
B,2026-01-21,2025-26,DraftKings,ATL @ MEM,2026-01-22T01:00Z,MEM,ATL,58.4,56.3,52.2,-4.1,False,-142,-120,-1.5,124-122,L,0,0,0.138,https://www.espn.com/nba/game/_/gameId/401810478
B,2024-10-27,2024-25,ESPN BET,LAC @ GSW,2024-10-28T00:30Z,GSW,LAC,86.1,80.2,76.2,-4.0,False,-550,-400,-9.5,112-104,L,0,1,0.538,https://www.espn.com/nba/game/_/gameId/401704667
B,2024-12-23,2024-25,ESPN BET,MIN @ ATL,2024-12-24T00:30Z,MIN,ATL,57.4,61.4,57.4,-4.0,False,-175,-150,3.5,104-117,L,0,0,-0.001,https://www.espn.com/nba/game/_/gameId/401704961
B,2025-03-04,2024-25,ESPN BET,TOR @ ORL,2025-03-05T00:00Z,ORL,TOR,56.5,70.9,66.9,-4.0,False,-280,-230,-6.5,114-113,L,0,0,-0.274,https://www.espn.com/nba/game/_/gameId/401705449
B,2025-12-15,2025-26,DraftKings,DAL @ UTA,2025-12-16T02:00Z,DAL,UTA,59.9,55.1,51.1,-4.0,False,-135,-115,1.5,133-140,L,0,0,0.198,https://www.espn.com/nba/game/_/gameId/401836805
B,2026-01-01,2025-26,DraftKings,PHI @ DAL,2026-01-02T01:30Z,DAL,PHI,54.6,48.9,44.9,-4.0,True,-105,114,2.5,123-108,L,0,0,0.194,https://www.espn.com/nba/game/_/gameId/401810328
B,2026-01-12,2025-26,DraftKings,BOS @ IND,2026-01-13T00:30Z,BOS,IND,78.0,68.5,64.5,-4.0,False,-250,-205,5.5,96-98,L,0,0,0.48,https://www.espn.com/nba/game/_/gameId/401810414
B,2026-01-18,2025-26,DraftKings,TOR @ LAL,2026-01-19T02:30Z,TOR,LAL,56.7,48.9,44.9,-4.0,True,-105,114,-2.5,93-110,L,0,1,0.242,https://www.espn.com/nba/game/_/gameId/401810462
B,2026-03-20,2025-26,DraftKings,POR @ MIN,2026-03-21T00:00Z,MIN,POR,71.2,55.1,51.1,-4.0,False,-135,-115,-1.5,108-104,L,0,0,0.53,https://www.espn.com/nba/game/_/gameId/401810875
C,2024-11-10,2024-25,ESPN BET,DAL @ DEN,2024-11-11T01:00Z,DEN,DAL,63.5,86.4,54.3,-32.1,False,-1000,-130,-2.5,120-122,W,0,0,-0.157,https://www.espn.com/nba/game/_/gameId/401704774
C,2026-04-12,2025-26,DraftKings,ORL @ BOS,2026-04-12T22:00Z,BOS,ORL,75.2,40.7,15.4,-25.3,True,136,525,12.5,108-113,W,0,0,-1.589,https://www.espn.com/nba/game/_/gameId/401811041
C,2025-04-13,2024-25,ESPN BET,DAL @ MEM,2025-04-13T19:30Z,MEM,DAL,66.2,66.8,44.7,-22.1,True,-225,115,1.5,97-132,W,0,0,-0.391,https://www.espn.com/nba/game/_/gameId/401705760
C,2025-11-12,2025-26,ESPN BET,CHI @ DET,2025-11-13T00:00Z,DET,CHI,70.8,63.0,42.0,-21.0,True,-190,130,3.5,113-124,W,0,0,-0.521,https://www.espn.com/nba/game/_/gameId/401810069
C,2024-12-05,2024-25,ESPN BET,HOU @ GSW,2024-12-06T03:00Z,GSW,HOU,55.4,57.1,38.1,-19.0,True,-145,150,3.5,93-99,W,0,0,-0.373,https://www.espn.com/nba/game/_/gameId/401704898
C,2025-12-12,2025-26,DraftKings,MIN @ GSW,2025-12-13T03:00Z,MIN,GSW,52.2,55.1,36.9,-18.2,True,-135,160,-4.5,127-120,W,0,0,-0.347,https://www.espn.com/nba/game/_/gameId/401836796
C,2026-04-12,2025-26,DraftKings,NOP @ MIN,2026-04-13T00:30Z,MIN,NOP,70.1,79.1,61.6,-17.5,False,-470,-180,-3.5,126-132,W,0,0,-0.128,https://www.espn.com/nba/game/_/gameId/401811050
C,2026-04-02,2025-26,DraftKings,SAS @ LAC,2026-04-03T02:30Z,SAS,LAC,50.3,60.4,43.7,-16.7,True,-170,120,-2.5,118-99,W,1,0,-0.141,https://www.espn.com/nba/game/_/gameId/401810974
C,2025-04-06,2024-25,ESPN BET,MIL @ NOP,2025-04-07T00:30Z,MIL,NOP,64.9,83.5,66.9,-16.6,False,-750,-230,6.5,111-107,W,1,0,0.031,https://www.espn.com/nba/game/_/gameId/401754706
C,2024-11-20,2024-25,ESPN BET,PHI @ MEM,2024-11-21T01:00Z,MEM,PHI,79.3,52.2,36.3,-15.9,True,-120,165,4.5,111-117,W,1,0,-0.781,https://www.espn.com/nba/game/_/gameId/401704821
C,2026-03-02,2025-26,DraftKings,BOS @ MIL,2026-03-03T00:30Z,BOS,MIL,71.3,71.0,55.1,-15.9,False,-285,-135,2.5,108-81,W,1,1,-0.257,https://www.espn.com/nba/game/_/gameId/401810735
C,2026-04-12,2025-26,DraftKings,GSW @ LAC,2026-04-13T00:30Z,LAC,GSW,70.6,75.1,59.3,-15.8,False,-360,-162,-3.5,110-115,W,0,0,-0.173,https://www.espn.com/nba/game/_/gameId/401811054
C,2025-02-08,2024-25,ESPN BET,IND @ LAL,2025-02-08T21:00Z,LAL,IND,58.7,53.2,37.7,-15.5,True,-125,155,4.5,117-124,W,0,0,-0.443,https://www.espn.com/nba/game/_/gameId/401705308
C,2025-02-09,2024-25,ESPN BET,PHI @ MIL,2025-02-09T19:00Z,MIL,PHI,71.5,55.3,40.1,-15.2,True,-135,140,3.5,127-135,W,0,0,-0.578,https://www.espn.com/nba/game/_/gameId/401705320
C,2025-10-30,2025-26,ESPN BET,GSW @ MIL,2025-10-31T00:00Z,MIL,GSW,62.7,42.9,28.3,-14.6,True,125,240,7.5,110-120,W,0,0,-0.795,https://www.espn.com/nba/game/_/gameId/401809994
C,2025-11-14,2025-26,ESPN BET,PHI @ DET,2025-11-15T00:30Z,DET,PHI,68.2,66.8,52.2,-14.6,False,-225,-120,-1.5,105-114,W,0,0,-0.267,https://www.espn.com/nba/game/_/gameId/401809783
C,2025-04-09,2024-25,ESPN BET,OKC @ PHO,2025-04-10T02:00Z,OKC,PHO,81.1,84.2,70.0,-14.2,False,-800,-270,6.5,125-112,W,1,1,-0.147,https://www.espn.com/nba/game/_/gameId/401705730
C,2026-04-07,2025-26,DraftKings,UTA @ NOP,2026-04-08T00:00Z,NOP,UTA,71.9,82.2,68.1,-14.1,False,-600,-245,-6.5,137-156,W,0,0,-0.055,https://www.espn.com/nba/game/_/gameId/401811008
C,2026-03-09,2025-26,DraftKings,DEN @ OKC,2026-03-09T23:30Z,OKC,DEN,71.1,71.8,58.3,-13.5,False,-298,-155,-3.5,126-129,W,0,0,-0.198,https://www.espn.com/nba/game/_/gameId/401810788
C,2024-11-11,2024-25,ESPN BET,LAC @ OKC,2024-11-12T01:00Z,OKC,LAC,70.8,83.5,70.1,-13.4,False,-750,-275,-6.5,128-134,W,1,0,-0.009,https://www.espn.com/nba/game/_/gameId/401704781
C,2025-04-13,2024-25,ESPN BET,ORL @ ATL,2025-04-13T17:00Z,ATL,ORL,59.4,53.2,39.8,-13.4,True,-125,140,3.5,105-117,W,0,0,-0.401,https://www.espn.com/nba/game/_/gameId/401705752
C,2025-12-09,2025-26,DraftKings,MIA @ ORL,2025-12-09T23:00Z,ORL,MIA,51.7,64.5,51.7,-12.8,False,-205,-118,-1.5,108-117,W,0,0,0.001,https://www.espn.com/nba/game/_/gameId/401809833
C,2025-12-05,2025-26,DraftKings,DEN @ ATL,2025-12-06T00:30Z,DEN,ATL,60.8,72.0,59.3,-12.7,False,-290,-162,3.5,134-133,W,0,0,-0.024,https://www.espn.com/nba/game/_/gameId/401810195
C,2025-02-07,2024-25,ESPN BET,PHI @ DET,2025-02-08T00:30Z,DET,PHI,60.9,45.7,33.1,-12.6,True,110,190,6.5,112-125,W,0,0,-0.61,https://www.espn.com/nba/game/_/gameId/401705304
C,2025-02-20,2024-25,ESPN BET,PHO @ SAS,2025-02-21T02:30Z,SAS,PHO,59.2,55.3,42.9,-12.4,True,-135,125,2.5,109-120,W,0,0,-0.322,https://www.espn.com/nba/game/_/gameId/401705361
C,2025-12-25,2025-26,DraftKings,MIN @ DEN,2025-12-26T03:30Z,DEN,MIN,61.1,60.9,48.9,-12.0,True,-175,-105,1.5,138-142,W,0,0,-0.222,https://www.espn.com/nba/game/_/gameId/401809242
C,2026-01-11,2025-26,DraftKings,MIL @ DEN,2026-01-12T01:00Z,DEN,MIL,65.3,46.3,34.3,-12.0,True,105,180,6.5,104-108,W,0,0,-0.646,https://www.espn.com/nba/game/_/gameId/401810409
C,2024-12-08,2024-25,ESPN BET,POR @ LAL,2024-12-09T02:30Z,LAL,POR,70.9,83.5,71.7,-11.8,False,-750,-290,-7.5,98-107,W,0,0,0.011,https://www.espn.com/nba/game/_/gameId/401704924
C,2025-03-24,2024-25,ESPN BET,TOR @ WAS,2025-03-24T23:00Z,TOR,WAS,51.0,57.1,45.7,-11.4,True,-145,110,-1.5,112-104,W,1,0,-0.108,https://www.espn.com/nba/game/_/gameId/401705605
C,2026-02-11,2025-26,DraftKings,ATL @ CHO,2026-02-12T00:00Z,CHO,ATL,62.4,65.7,54.3,-11.4,False,-218,-130,-2.5,107-110,W,0,0,-0.14,https://www.espn.com/nba/game/_/gameId/401810630
C,2025-04-13,2024-25,ESPN BET,NYK @ BRK,2025-04-13T17:00Z,NYK,BRK,70.4,74.1,63.0,-11.1,False,-340,-190,5.5,113-105,W,0,0,-0.111,https://www.espn.com/nba/game/_/gameId/401705754
C,2025-02-03,2024-25,ESPN BET,NOP @ DEN,2025-02-04T02:00Z,DEN,NOP,81.3,88.1,77.2,-10.9,False,-1200,-415,-9.5,113-125,W,0,0,-0.052,https://www.espn.com/nba/game/_/gameId/401705272
C,2026-04-12,2025-26,DraftKings,WAS @ CLE,2026-04-12T22:00Z,CLE,WAS,87.8,90.8,80.0,-10.8,False,-1650,-500,-10.5,117-130,W,0,0,-0.093,https://www.espn.com/nba/game/_/gameId/401811042
C,2025-02-06,2024-25,ESPN BET,ORL @ DEN,2025-02-07T02:00Z,DEN,ORL,82.3,78.3,67.6,-10.7,False,-450,-240,-6.5,90-112,W,1,1,-0.198,https://www.espn.com/nba/game/_/gameId/401705296
C,2025-12-27,2025-26,DraftKings,CLE @ HOU,2025-12-28T01:00Z,HOU,CLE,63.3,65.7,55.1,-10.6,False,-218,-135,-2.5,100-117,W,0,0,-0.138,https://www.espn.com/nba/game/_/gameId/401810293
C,2024-12-23,2024-25,ESPN BET,PHO @ DEN,2024-12-24T03:00Z,DEN,PHO,61.2,74.8,64.3,-10.5,False,-360,-200,-4.5,90-117,W,1,0,0.049,https://www.espn.com/nba/game/_/gameId/401704968
C,2025-02-20,2024-25,ESPN BET,LAL @ POR,2025-02-21T03:00Z,LAL,POR,59.6,63.7,53.2,-10.5,False,-195,-125,1.5,110-102,W,1,0,-0.112,https://www.espn.com/nba/game/_/gameId/401705362
C,2025-02-12,2024-25,ESPN BET,GSW @ DAL,2025-02-13T02:30Z,DAL,GSW,61.7,37.0,26.6,-10.4,True,160,260,7.5,107-111,W,0,0,-0.842,https://www.espn.com/nba/game/_/gameId/401705348
C,2026-02-22,2025-26,DraftKings,CLE @ OKC,2026-02-22T18:00Z,OKC,CLE,61.7,48.9,39.1,-9.8,True,-105,145,4.5,113-121,W,0,0,-0.456,https://www.espn.com/nba/game/_/gameId/401810672
C,2024-11-15,2024-25,ESPN BET,BRK @ NYK,2024-11-16T00:30Z,NYK,BRK,72.3,84.2,74.5,-9.7,False,-800,-350,-8.5,122-124,W,0,0,0.03,https://www.espn.com/nba/game/_/gameId/401703383
C,2024-12-01,2024-25,ESPN BET,LAL @ UTA,2024-12-02T01:00Z,LAL,UTA,77.8,74.1,64.5,-9.6,False,-340,-205,5.5,105-104,W,0,1,-0.188,https://www.espn.com/nba/game/_/gameId/401704877
C,2025-01-29,2024-25,ESPN BET,CLE @ MIA,2025-01-30T00:30Z,CLE,MIA,70.3,72.4,63.0,-9.4,False,-300,-190,5.5,126-106,W,0,0,-0.11,https://www.espn.com/nba/game/_/gameId/401705233
C,2025-01-07,2024-25,ESPN BET,LAL @ DAL,2025-01-08T00:30Z,DAL,LAL,60.9,41.2,31.9,-9.3,True,135,200,5.5,97-118,W,1,0,-0.645,https://www.espn.com/nba/game/_/gameId/401705070
C,2025-02-01,2024-25,ESPN BET,SAC @ OKC,2025-02-02T01:00Z,OKC,SAC,75.8,79.3,70.4,-8.9,False,-500,-275,-7.5,110-144,W,0,0,-0.073,https://www.espn.com/nba/game/_/gameId/401705257
C,2024-11-10,2024-25,ESPN BET,TOR @ LAL,2024-11-11T02:30Z,LAL,TOR,82.0,88.1,79.3,-8.8,False,-1200,-500,-10.5,103-123,W,0,1,-0.034,https://www.espn.com/nba/game/_/gameId/401704777
C,2024-12-23,2024-25,ESPN BET,MIL @ CHI,2024-12-24T01:00Z,MIL,CHI,59.5,53.2,44.4,-8.8,True,-125,115,-2.5,112-91,W,0,0,-0.294,https://www.espn.com/nba/game/_/gameId/401704964
C,2025-02-03,2024-25,ESPN BET,SAS @ MEM,2025-02-04T01:50Z,MEM,SAS,66.9,67.9,59.1,-8.8,False,-240,-160,-4.5,109-128,W,1,0,-0.124,https://www.espn.com/nba/game/_/gameId/401705269
C,2025-03-23,2024-25,ESPN BET,OKC @ LAC,2025-03-24T01:00Z,OKC,LAC,66.4,58.8,50.0,-8.8,False,-155,-110,-0.5,103-101,W,0,0,-0.284,https://www.espn.com/nba/game/_/gameId/401705602
C,2026-01-31,2025-26,DraftKings,NOP @ PHI,2026-02-01T00:30Z,PHI,NOP,76.5,75.1,66.4,-8.7,False,-360,-225,-6.5,114-124,W,0,1,-0.142,https://www.espn.com/nba/game/_/gameId/401810554
C,2025-11-11,2025-26,ESPN BET,BOS @ PHI,2025-11-12T01:00Z,PHI,BOS,50.2,54.3,45.7,-8.6,True,-130,110,1.5,100-102,W,0,0,-0.093,https://www.espn.com/nba/game/_/gameId/401810064
C,2025-01-08,2024-25,ESPN BET,LAC @ DEN,2025-01-09T02:00Z,DEN,LAC,62.8,47.8,39.3,-8.5,True,100,145,3.5,103-126,W,1,0,-0.468,https://www.espn.com/nba/game/_/gameId/401705081
C,2025-01-17,2024-25,ESPN BET,MEM @ SAS,2025-01-18T02:30Z,MEM,SAS,59.1,55.3,46.8,-8.5,True,-135,105,-1.5,140-112,W,0,0,-0.234,https://www.espn.com/nba/game/_/gameId/401705148
C,2025-11-05,2025-26,ESPN BET,SAS @ LAL,2025-11-06T03:00Z,LAL,SAS,57.4,55.3,46.8,-8.5,True,-135,105,1.5,116-118,W,0,0,-0.204,https://www.espn.com/nba/game/_/gameId/401810034
C,2024-10-29,2024-25,ESPN BET,NOP @ GSW,2024-10-30T02:00Z,GSW,NOP,74.6,52.2,43.8,-8.4,True,-120,120,2.5,106-124,W,0,0,-0.533,https://www.espn.com/nba/game/_/gameId/401704682
C,2024-11-11,2024-25,ESPN BET,WAS @ HOU,2024-11-12T01:00Z,HOU,WAS,83.2,89.4,81.1,-8.3,False,-1600,-600,-12.5,92-107,W,1,1,-0.026,https://www.espn.com/nba/game/_/gameId/401704779
C,2025-02-23,2024-25,ESPN BET,PHO @ TOR,2025-02-23T23:00Z,TOR,PHO,54.1,51.1,42.9,-8.2,True,-115,125,2.5,109-127,W,0,1,-0.232,https://www.espn.com/nba/game/_/gameId/401705382
C,2025-03-24,2024-25,ESPN BET,PHI @ NOP,2025-03-25T00:00Z,NOP,PHI,51.9,65.6,57.4,-8.2,False,-215,-150,-3.5,99-112,W,1,1,0.102,https://www.espn.com/nba/game/_/gameId/401705607
C,2024-11-27,2024-25,ESPN BET,POR @ IND,2024-11-28T00:00Z,IND,POR,73.2,85.4,77.3,-8.1,False,-900,-425,-9.5,114-121,W,0,0,0.054,https://www.espn.com/nba/game/_/gameId/401704854
C,2025-02-21,2024-25,ESPN BET,MIL @ WAS,2025-02-22T00:00Z,MIL,WAS,73.9,73.3,65.2,-8.1,False,-320,-215,5.5,104-101,W,1,0,-0.125,https://www.espn.com/nba/game/_/gameId/401705365
C,2025-04-13,2024-25,ESPN BET,TOR @ SAS,2025-04-13T19:30Z,SAS,TOR,54.5,69.5,61.4,-8.1,False,-260,-175,-4.5,118-125,W,0,0,0.118,https://www.espn.com/nba/game/_/gameId/401705763
C,2026-03-23,2025-26,DraftKings,SAS @ MIA,2026-03-23T23:00Z,SAS,MIA,57.7,66.4,58.3,-8.1,False,-225,-155,3.5,136-111,W,0,0,0.01,https://www.espn.com/nba/game/_/gameId/401810896
C,2026-03-23,2025-26,DraftKings,TOR @ UTA,2026-03-24T01:00Z,TOR,UTA,58.2,84.7,76.6,-8.1,False,-750,-395,8.5,143-127,W,1,0,0.274,https://www.espn.com/nba/game/_/gameId/401810898
C,2024-12-21,2024-25,ESPN BET,WAS @ MIL,2024-12-22T01:00Z,MIL,WAS,88.0,83.5,75.5,-8.0,False,-750,-380,-8.5,101-112,W,1,0,-0.153,https://www.espn.com/nba/game/_/gameId/401704948
C,2025-02-06,2024-25,ESPN BET,GSW @ LAL,2025-02-07T03:00Z,LAL,GSW,72.9,69.5,61.6,-7.9,False,-260,-180,-4.5,112-120,W,0,1,-0.167,https://www.espn.com/nba/game/_/gameId/401705297
C,2025-04-08,2024-25,ESPN BET,MIN @ MIL,2025-04-09T00:00Z,MIL,MIN,51.2,42.0,34.2,-7.8,True,130,180,6.5,103-110,W,0,0,-0.404,https://www.espn.com/nba/game/_/gameId/401705718
C,2024-10-26,2024-25,ESPN BET,SAC @ LAL,2024-10-27T02:30Z,LAL,SAC,55.8,58.8,51.1,-7.7,False,-155,-115,-0.5,127-131,W,1,0,-0.088,https://www.espn.com/nba/game/_/gameId/401704662
C,2025-03-10,2024-25,ESPN BET,PHO @ MEM,2025-03-11T00:00Z,MEM,PHO,68.9,64.3,56.6,-7.7,False,-200,-145,-2.5,118-120,W,1,1,-0.198,https://www.espn.com/nba/game/_/gameId/401705501
C,2025-03-12,2024-25,ESPN BET,UTA @ MEM,2025-03-13T00:00Z,MEM,UTA,78.9,88.8,81.1,-7.7,False,-1400,-600,-10.5,115-122,W,0,0,0.027,https://www.espn.com/nba/game/_/gameId/401705516
C,2025-12-20,2025-26,DraftKings,BOS @ TOR,2025-12-21T00:00Z,BOS,TOR,51.7,55.1,47.4,-7.7,True,-135,102,-1.5,112-96,W,1,0,-0.086,https://www.espn.com/nba/game/_/gameId/401810243
C,2026-02-09,2025-26,DraftKings,CLE @ DEN,2026-02-10T02:00Z,CLE,DEN,51.5,52.6,44.9,-7.7,True,-122,114,-2.5,119-117,W,0,0,-0.139,https://www.espn.com/nba/game/_/gameId/401810622
C,2024-12-30,2024-25,ESPN BET,CHI @ CHO,2024-12-31T00:00Z,CHI,CHO,59.6,68.9,61.4,-7.5,False,-250,-175,4.5,115-108,W,0,0,0.03,https://www.espn.com/nba/game/_/gameId/401705008
C,2025-10-31,2025-26,ESPN BET,NYK @ CHI,2025-11-01T00:00Z,CHI,NYK,66.3,43.8,36.3,-7.5,True,120,165,5.5,125-135,W,0,0,-0.602,https://www.espn.com/nba/game/_/gameId/401809505
C,2024-12-27,2024-25,ESPN BET,MEM @ NOP,2024-12-28T01:00Z,MEM,NOP,87.7,78.3,70.9,-7.4,False,-450,-280,7.5,132-124,W,1,1,-0.214,https://www.espn.com/nba/game/_/gameId/401704989
C,2024-12-01,2024-25,ESPN BET,ORL @ BRK,2024-12-01T20:30Z,ORL,BRK,59.8,77.3,70.0,-7.3,False,-425,-270,6.5,100-92,W,0,0,0.157,https://www.espn.com/nba/game/_/gameId/401704871
C,2024-11-01,2024-25,ESPN BET,IND @ NOP,2024-11-02T00:00Z,NOP,IND,55.5,45.7,38.6,-7.1,True,110,150,4.5,118-125,W,0,0,-0.364,https://www.espn.com/nba/game/_/gameId/401704704
C,2025-01-29,2024-25,ESPN BET,DAL @ NOP,2025-01-30T01:00Z,DAL,NOP,66.5,57.1,50.0,-7.1,False,-145,-110,1.5,137-136,W,0,0,-0.285,https://www.espn.com/nba/game/_/gameId/401705236
C,2025-02-20,2024-25,ESPN BET,CHI @ NYK,2025-02-21T00:30Z,NYK,CHI,77.3,85.4,78.3,-7.1,False,-900,-450,-10.5,111-113,W,0,0,0.013,https://www.espn.com/nba/game/_/gameId/401705358
C,2025-10-25,2025-26,ESPN BET,CHO @ PHI,2025-10-25T23:30Z,PHI,CHO,65.7,70.0,63.0,-7.0,False,-270,-190,-4.5,121-125,W,0,0,-0.042,https://www.espn.com/nba/game/_/gameId/401809957
C,2025-11-10,2025-26,ESPN BET,WAS @ DET,2025-11-11T00:00Z,DET,WAS,90.2,88.1,81.1,-7.0,False,-1200,-600,-10.5,135-137,W,1,0,-0.107,https://www.espn.com/nba/game/_/gameId/401810054
C,2024-12-16,2024-25,ESPN BET,UTA @ LAC,2024-12-17T03:30Z,LAC,UTA,75.5,79.3,72.4,-6.9,False,-500,-300,-7.5,107-144,W,0,0,-0.042,https://www.espn.com/nba/game/_/gameId/401736820
C,2025-01-25,2024-25,ESPN BET,MIA @ BRK,2025-01-25T23:00Z,MIA,BRK,70.6,77.3,70.4,-6.9,False,-425,-275,6.5,106-97,W,0,0,-0.002,https://www.espn.com/nba/game/_/gameId/401705202
C,2026-04-12,2025-26,DraftKings,CHI @ DAL,2026-04-13T00:30Z,DAL,CHI,52.5,71.4,64.5,-6.9,False,-290,-205,-5.5,128-149,W,0,0,0.206,https://www.espn.com/nba/game/_/gameId/401811048
C,2024-12-19,2024-25,ESPN BET,GSW @ MEM,2024-12-20T01:00Z,MEM,GSW,65.0,59.9,53.2,-6.7,False,-165,-125,-1.5,93-144,W,0,0,-0.199,https://www.espn.com/nba/game/_/gameId/401704932
C,2025-12-07,2025-26,DraftKings,ORL @ NYK,2025-12-07T17:00Z,NYK,ORL,69.4,59.3,52.6,-6.7,False,-162,-122,-1.5,100-106,W,0,0,-0.276,https://www.espn.com/nba/game/_/gameId/401810212
C,2025-03-03,2024-25,ESPN BET,WAS @ MIA,2025-03-04T00:30Z,MIA,WAS,71.4,81.1,74.5,-6.6,False,-600,-350,-8.5,90-106,W,1,0,0.042,https://www.espn.com/nba/game/_/gameId/401705443
C,2025-04-11,2024-25,ESPN BET,OKC @ UTA,2025-04-12T01:30Z,OKC,UTA,89.6,82.8,76.2,-6.6,False,-700,-400,8.5,145-111,W,0,0,-0.162,https://www.espn.com/nba/game/_/gameId/401705747
C,2025-02-08,2024-25,ESPN BET,POR @ MIN,2025-02-09T01:00Z,MIN,POR,74.2,65.6,59.1,-6.5,False,-215,-160,-3.5,98-114,W,0,0,-0.228,https://www.espn.com/nba/game/_/gameId/401705313
C,2025-03-02,2024-25,ESPN BET,LAC @ LAL,2025-03-03T02:30Z,LAL,LAC,68.7,52.2,45.7,-6.5,True,-120,110,2.5,102-108,W,0,0,-0.407,https://www.espn.com/nba/game/_/gameId/401705440
C,2024-12-26,2024-25,ESPN BET,CHI @ ATL,2024-12-27T00:30Z,ATL,CHI,58.1,70.9,64.5,-6.4,False,-280,-205,-4.5,133-141,W,0,0,0.105,https://www.espn.com/nba/game/_/gameId/401704979
C,2025-02-20,2024-25,ESPN BET,LAC @ MIL,2025-02-21T01:00Z,MIL,LAC,58.6,53.2,46.8,-6.4,True,-125,105,1.5,110-116,W,0,0,-0.225,https://www.espn.com/nba/game/_/gameId/401705359
C,2025-03-22,2024-25,ESPN BET,MIL @ SAC,2025-03-23T02:00Z,MIL,SAC,54.8,53.2,46.8,-6.4,True,-125,105,-1.5,114-108,W,0,0,-0.159,https://www.espn.com/nba/game/_/gameId/401705593
C,2024-11-25,2024-25,ESPN BET,TOR @ DET,2024-11-26T00:00Z,DET,TOR,71.3,64.3,58.0,-6.3,False,-200,-150,-4.5,100-102,W,0,1,-0.207,https://www.espn.com/nba/game/_/gameId/401704844
C,2025-03-04,2024-25,ESPN BET,BRK @ SAS,2025-03-05T01:30Z,SAS,BRK,71.9,65.1,58.8,-6.3,False,-210,-155,-3.5,113-127,W,0,0,-0.2,https://www.espn.com/nba/game/_/gameId/401705454
C,2025-03-06,2024-25,ESPN BET,HOU @ NOP,2025-03-07T01:00Z,HOU,NOP,59.2,64.3,58.0,-6.3,False,-200,-150,3.5,109-97,W,0,0,-0.021,https://www.espn.com/nba/game/_/gameId/401705468
C,2025-03-19,2024-25,ESPN BET,CHI @ PHO,2025-03-20T02:00Z,PHO,CHI,60.2,70.0,63.7,-6.3,False,-270,-195,-5.5,121-127,W,0,0,0.056,https://www.espn.com/nba/game/_/gameId/401705573
C,2024-11-09,2024-25,ESPN BET,TOR @ LAC,2024-11-10T03:30Z,LAC,TOR,73.1,74.1,67.9,-6.2,False,-340,-240,-6.5,103-105,W,1,0,-0.074,https://www.espn.com/nba/game/_/gameId/401704766
C,2025-03-15,2024-25,ESPN BET,MIA @ MEM,2025-03-16T00:00Z,MEM,MIA,68.8,70.9,64.7,-6.2,False,-280,-210,-5.5,91-125,W,1,1,-0.062,https://www.espn.com/nba/game/_/gameId/401705537
C,2025-12-14,2025-26,DraftKings,LAL @ PHO,2025-12-15T01:00Z,LAL,PHO,53.0,55.1,48.9,-6.2,True,-135,-105,-1.5,116-114,W,0,0,-0.08,https://www.espn.com/nba/game/_/gameId/401839699
C,2026-01-03,2025-26,DraftKings,BOS @ LAC,2026-01-04T03:30Z,BOS,LAC,64.3,51.1,44.9,-6.2,True,-115,114,-1.5,146-115,W,0,0,-0.36,https://www.espn.com/nba/game/_/gameId/401810348
C,2025-04-01,2024-25,ESPN BET,TOR @ CHI,2025-04-02T00:00Z,CHI,TOR,52.9,66.8,60.7,-6.1,False,-225,-170,-4.5,118-137,W,1,0,0.137,https://www.espn.com/nba/game/_/gameId/401705665
C,2024-11-08,2024-25,ESPN BET,MIA @ DEN,2024-11-09T02:00Z,DEN,MIA,67.0,64.3,58.3,-6.0,False,-200,-155,-3.5,122-135,W,0,0,-0.139,https://www.espn.com/nba/game/_/gameId/401704760
C,2025-04-13,2024-25,ESPN BET,CHI @ PHI,2025-04-13T17:00Z,CHI,PHI,64.3,79.3,73.3,-6.0,False,-500,-320,7.5,122-102,W,0,0,0.131,https://www.espn.com/nba/game/_/gameId/401705757
C,2025-04-13,2024-25,ESPN BET,DET @ MIL,2025-04-13T17:00Z,MIL,DET,58.6,29.1,23.1,-6.0,True,230,315,9.5,133-140,W,0,0,-0.93,https://www.espn.com/nba/game/_/gameId/401705758
C,2025-11-28,2025-26,DraftKings,CLE @ ATL,2025-11-29T00:30Z,ATL,CLE,52.6,36.9,30.9,-6.0,True,160,210,6.5,123-130,W,0,0,-0.531,https://www.espn.com/nba/game/_/gameId/401809811
C,2026-01-14,2025-26,DraftKings,TOR @ IND,2026-01-15T00:00Z,TOR,IND,62.0,54.3,48.3,-6.0,True,-130,-102,-1.5,115-101,W,0,0,-0.251,https://www.espn.com/nba/game/_/gameId/401810426
C,2026-03-25,2025-26,DraftKings,LAL @ IND,2026-03-25T23:00Z,LAL,IND,75.5,83.7,77.7,-6.0,False,-675,-425,8.5,137-130,W,0,0,0.028,https://www.espn.com/nba/game/_/gameId/401810907
C,2024-11-07,2024-25,ESPN BET,POR @ SAS,2024-11-08T01:00Z,SAS,POR,61.8,66.8,60.9,-5.9,False,-225,-175,-4.5,105-118,W,1,0,-0.015,https://www.espn.com/nba/game/_/gameId/401704749
C,2025-01-07,2024-25,ESPN BET,MIN @ NOP,2025-01-08T01:00Z,MIN,NOP,60.3,66.8,60.9,-5.9,False,-225,-175,3.5,104-97,W,1,0,0.01,https://www.espn.com/nba/game/_/gameId/401705071
C,2025-01-25,2024-25,ESPN BET,SAC @ NYK,2025-01-26T00:30Z,NYK,SAC,64.2,68.9,63.0,-5.9,False,-250,-190,-4.5,120-143,W,0,0,-0.019,https://www.espn.com/nba/game/_/gameId/401705207
C,2025-03-15,2024-25,ESPN BET,OKC @ DET,2025-03-15T23:00Z,OKC,DET,64.5,67.3,61.4,-5.9,False,-230,-175,4.5,113-107,W,0,0,-0.049,https://www.espn.com/nba/game/_/gameId/401705535
C,2025-10-28,2025-26,ESPN BET,CHO @ MIA,2025-10-28T23:30Z,MIA,CHO,78.1,67.3,61.4,-5.9,False,-230,-175,-4.5,117-144,W,0,0,-0.24,https://www.espn.com/nba/game/_/gameId/401809979
C,2024-10-29,2024-25,ESPN BET,DEN @ BRK,2024-10-29T23:30Z,DEN,BRK,53.3,72.4,66.6,-5.8,False,-300,-220,5.5,144-139,W,1,0,0.223,https://www.espn.com/nba/game/_/gameId/401704679
C,2024-12-03,2024-25,ESPN BET,POR @ LAC,2024-12-04T03:30Z,LAC,POR,76.8,81.1,75.5,-5.6,False,-600,-380,-8.5,105-127,W,0,0,-0.016,https://www.espn.com/nba/game/_/gameId/401703429
C,2025-04-07,2024-25,ESPN BET,PHI @ MIA,2025-04-07T23:30Z,MIA,PHI,73.6,86.4,80.8,-5.6,False,-1000,-525,-11.5,105-117,W,0,0,0.094,https://www.espn.com/nba/game/_/gameId/401705711
C,2025-11-29,2025-26,DraftKings,DEN @ PHO,2025-11-30T02:00Z,DEN,PHO,56.8,66.0,60.4,-5.6,False,-225,-170,3.5,130-112,W,1,1,0.061,https://www.espn.com/nba/game/_/gameId/401810154
C,2026-02-19,2025-26,DraftKings,ORL @ SAC,2026-02-20T03:00Z,ORL,SAC,62.0,80.0,74.4,-5.6,False,-500,-345,8.5,131-94,W,0,0,0.182,https://www.espn.com/nba/game/_/gameId/401810655
C,2025-01-06,2024-25,ESPN BET,MIL @ TOR,2025-01-07T00:30Z,MIL,TOR,71.4,72.4,66.9,-5.5,False,-300,-230,6.5,128-104,W,0,0,-0.066,https://www.espn.com/nba/game/_/gameId/401705063
C,2026-03-06,2025-26,DraftKings,NOP @ PHO,2026-03-07T02:00Z,PHO,NOP,62.4,66.4,60.9,-5.5,False,-225,-175,-3.5,116-118,W,1,1,-0.023,https://www.espn.com/nba/game/_/gameId/401810767
C,2024-11-20,2024-25,ESPN BET,NYK @ PHO,2024-11-21T03:00Z,NYK,PHO,59.4,66.8,61.4,-5.4,False,-225,-175,4.5,138-122,W,0,0,0.034,https://www.espn.com/nba/game/_/gameId/401704823
C,2025-01-01,2024-25,ESPN BET,UTA @ NYK,2025-01-02T00:30Z,NYK,UTA,88.8,89.4,84.0,-5.4,False,-1600,-700,-11.5,103-119,W,0,0,-0.056,https://www.espn.com/nba/game/_/gameId/401705024
C,2025-01-02,2024-25,ESPN BET,POR @ LAL,2025-01-03T03:30Z,LAL,POR,76.9,75.5,70.1,-5.4,False,-380,-275,-6.5,106-114,W,0,0,-0.093,https://www.espn.com/nba/game/_/gameId/401705034
C,2025-01-27,2024-25,ESPN BET,NOP @ TOR,2025-01-28T00:30Z,TOR,NOP,58.1,54.3,48.9,-5.4,True,-130,-105,-0.5,104-113,W,0,0,-0.172,https://www.espn.com/nba/game/_/gameId/401705220
C,2025-10-29,2025-26,ESPN BET,ORL @ DET,2025-10-29T23:00Z,DET,ORL,65.5,51.1,45.7,-5.4,True,-115,110,1.5,116-135,W,0,0,-0.36,https://www.espn.com/nba/game/_/gameId/401809984
C,2025-11-07,2025-26,ESPN BET,HOU @ SAS,2025-11-08T00:30Z,SAS,HOU,52.2,44.7,39.3,-5.4,True,115,145,4.5,110-121,W,0,0,-0.283,https://www.espn.com/nba/game/_/gameId/401809774
C,2026-02-20,2025-26,DraftKings,UTA @ MEM,2026-02-21T00:00Z,MEM,UTA,69.6,60.4,55.1,-5.3,False,-170,-135,-2.5,114-123,W,0,0,-0.232,https://www.espn.com/nba/game/_/gameId/401810659
C,2026-03-03,2025-26,DraftKings,NOP @ LAL,2026-03-04T03:30Z,LAL,NOP,68.2,78.7,73.4,-5.3,False,-455,-325,-7.5,101-110,W,0,0,0.072,https://www.espn.com/nba/game/_/gameId/401810746
C,2025-01-17,2024-25,ESPN BET,BRK @ LAL,2025-01-18T03:30Z,LAL,BRK,78.0,83.5,78.3,-5.2,False,-750,-450,-9.5,101-102,W,0,0,0.003,https://www.espn.com/nba/game/_/gameId/401705151
C,2025-02-20,2024-25,ESPN BET,BOS @ PHI,2025-02-21T00:00Z,BOS,PHI,75.3,74.1,68.9,-5.2,False,-340,-250,6.5,124-104,W,0,0,-0.089,https://www.espn.com/nba/game/_/gameId/401705355
C,2025-03-04,2024-25,ESPN BET,LAC @ PHO,2025-03-05T03:00Z,PHO,LAC,51.2,47.8,42.6,-5.2,True,100,125,2.5,117-119,W,0,0,-0.185,https://www.espn.com/nba/game/_/gameId/401705455
C,2026-01-14,2025-26,DraftKings,WAS @ LAC,2026-01-15T03:30Z,LAC,WAS,73.6,85.2,80.0,-5.2,False,-800,-500,-11.5,105-119,W,0,0,0.084,https://www.espn.com/nba/game/_/gameId/401810432
C,2026-03-03,2025-26,DraftKings,OKC @ CHI,2026-03-04T01:00Z,OKC,CHI,74.1,81.2,76.0,-5.2,False,-550,-380,9.5,116-108,W,0,0,0.025,https://www.espn.com/nba/game/_/gameId/401810744
C,2026-03-28,2025-26,DraftKings,CHI @ MEM,2026-03-29T00:00Z,MEM,CHI,52.8,40.7,35.5,-5.2,True,136,170,5.5,124-125,W,1,1,-0.395,https://www.espn.com/nba/game/_/gameId/401810934
C,2026-04-06,2025-26,DraftKings,POR @ DEN,2026-04-07T01:00Z,DEN,POR,62.8,76.6,71.4,-5.2,False,-395,-290,-6.5,132-137,W,0,0,0.128,https://www.espn.com/nba/game/_/gameId/401811002
C,2024-11-10,2024-25,ESPN BET,NYK @ IND,2024-11-10T22:00Z,IND,NYK,53.9,46.8,41.7,-5.1,True,105,130,3.5,121-132,W,0,0,-0.257,https://www.espn.com/nba/game/_/gameId/401704769
C,2024-11-20,2024-25,ESPN BET,POR @ OKC,2024-11-21T01:00Z,OKC,POR,83.2,90.5,85.4,-5.1,False,-1800,-900,-13.5,99-109,W,1,0,0.026,https://www.espn.com/nba/game/_/gameId/401704822
C,2026-02-01,2025-26,DraftKings,UTA @ TOR,2026-02-01T23:00Z,TOR,UTA,78.8,81.7,76.6,-5.1,False,-575,-395,-10.5,100-107,W,0,0,-0.029,https://www.espn.com/nba/game/_/gameId/401810561
C,2026-02-05,2025-26,DraftKings,BRK @ ORL,2026-02-06T00:00Z,ORL,BRK,69.2,81.7,76.6,-5.1,False,-575,-395,-9.5,98-118,W,0,0,0.102,https://www.espn.com/nba/game/_/gameId/401810589
C,2026-03-19,2025-26,DraftKings,CLE @ CHI,2026-03-20T00:00Z,CLE,CHI,77.1,84.7,79.6,-5.1,False,-750,-485,9.5,115-110,W,0,1,0.032,https://www.espn.com/nba/game/_/gameId/401810866
C,2024-12-30,2024-25,ESPN BET,LAC @ NOP,2024-12-31T01:00Z,LAC,NOP,73.6,67.3,62.3,-5.0,False,-230,-185,4.5,116-113,W,0,0,-0.165,https://www.espn.com/nba/game/_/gameId/401705010
C,2025-03-11,2024-25,ESPN BET,BRK @ CLE,2025-03-11T23:00Z,CLE,BRK,93.1,91.3,86.3,-5.0,False,-2000,-900,-14.5,104-109,W,0,1,-0.076,https://www.espn.com/nba/game/_/gameId/401705506
C,2025-12-14,2025-26,DraftKings,SAC @ MIN,2025-12-15T00:00Z,MIN,SAC,86.8,82.2,77.2,-5.0,False,-600,-410,-9.5,103-117,W,0,0,-0.118,https://www.espn.com/nba/game/_/gameId/401836801
C,2026-01-19,2025-26,DraftKings,IND @ PHI,2026-01-20T00:00Z,PHI,IND,74.7,74.1,69.1,-5.0,False,-340,-258,-6.5,104-113,W,0,0,-0.079,https://www.espn.com/nba/game/_/gameId/401810464
C,2024-11-17,2024-25,ESPN BET,CHO @ CLE,2024-11-17T23:00Z,CLE,CHO,94.2,83.5,78.6,-4.9,False,-750,-450,-10.5,114-128,W,0,1,-0.18,https://www.espn.com/nba/game/_/gameId/401704802
C,2024-12-03,2024-25,ESPN BET,ORL @ NYK,2024-12-04T00:30Z,NYK,ORL,61.4,70.0,65.1,-4.9,False,-270,-210,-5.5,106-121,W,0,0,0.058,https://www.espn.com/nba/game/_/gameId/401703422
C,2025-01-15,2024-25,ESPN BET,NYK @ PHI,2025-01-16T00:00Z,NYK,PHI,73.8,70.0,65.1,-4.9,False,-270,-210,5.5,125-119,W,0,1,-0.126,https://www.espn.com/nba/game/_/gameId/401705127
C,2025-12-26,2025-26,DraftKings,PHI @ CHI,2025-12-27T00:30Z,CHI,PHI,50.9,51.7,46.8,-4.9,True,-118,105,1.5,102-109,W,0,0,-0.085,https://www.espn.com/nba/game/_/gameId/401810282
C,2026-01-05,2025-26,DraftKings,ATL @ TOR,2026-01-06T00:30Z,TOR,ATL,59.5,60.0,55.1,-4.9,False,-166,-135,-2.5,100-118,W,0,0,-0.076,https://www.espn.com/nba/game/_/gameId/401810359
C,2026-02-27,2025-26,DraftKings,DEN @ OKC,2026-02-28T02:47Z,OKC,DEN,66.8,73.4,68.5,-4.9,False,-325,-250,-6.5,121-127,W,0,0,0.025,https://www.espn.com/nba/game/_/gameId/401810717
C,2024-11-08,2024-25,ESPN BET,PHI @ LAL,2024-11-09T03:00Z,LAL,PHI,67.4,74.8,70.0,-4.8,False,-360,-270,-7.5,106-116,W,0,0,0.038,https://www.espn.com/nba/game/_/gameId/401704761
C,2024-11-27,2024-25,ESPN BET,HOU @ PHI,2024-11-28T00:00Z,HOU,PHI,77.0,70.0,65.2,-4.8,False,-270,-215,5.5,122-115,W,1,0,-0.166,https://www.espn.com/nba/game/_/gameId/401704856
C,2024-12-21,2024-25,ESPN BET,PHI @ CLE,2024-12-22T01:00Z,CLE,PHI,86.9,82.0,77.2,-4.8,False,-650,-415,-9.5,99-126,W,1,1,-0.119,https://www.espn.com/nba/game/_/gameId/401704946
C,2024-12-29,2024-25,ESPN BET,SAS @ MIN,2024-12-30T02:00Z,MIN,SAS,60.4,71.7,66.9,-4.8,False,-290,-230,-6.5,110-112,W,0,0,0.102,https://www.espn.com/nba/game/_/gameId/401705007
C,2025-01-30,2024-25,ESPN BET,MIN @ UTA,2025-01-31T02:00Z,MIN,UTA,67.6,72.4,67.6,-4.8,False,-300,-240,5.5,138-113,W,1,0,-0.001,https://www.espn.com/nba/game/_/gameId/401705243
C,2025-02-10,2024-25,ESPN BET,UTA @ LAL,2025-02-11T03:30Z,LAL,UTA,81.5,88.8,84.0,-4.8,False,-1400,-700,-12.5,113-132,W,0,0,0.03,https://www.espn.com/nba/game/_/gameId/401705334
C,2025-10-24,2025-26,ESPN BET,GSW @ POR,2025-10-25T02:00Z,POR,GSW,55.7,46.8,42.0,-4.8,True,105,130,2.5,119-139,W,0,1,-0.282,https://www.espn.com/nba/game/_/gameId/401809952
C,2025-12-05,2025-26,DraftKings,PHO @ HOU,2025-12-06T01:00Z,HOU,PHO,68.8,80.8,76.0,-4.8,False,-535,-380,-8.5,98-117,W,0,0,0.1,https://www.espn.com/nba/game/_/gameId/401810201
C,2026-01-07,2025-26,DraftKings,CHI @ DET,2026-01-08T00:00Z,DET,CHI,78.5,78.2,73.4,-4.8,False,-440,-325,-7.5,93-108,W,0,0,-0.067,https://www.espn.com/nba/game/_/gameId/401810372
C,2026-02-01,2025-26,DraftKings,ORL @ SAS,2026-02-02T02:00Z,SAS,ORL,64.0,68.5,63.7,-4.8,False,-250,-198,-4.5,103-112,W,1,0,-0.005,https://www.espn.com/nba/game/_/gameId/401810558
C,2026-03-27,2025-26,DraftKings,ATL @ BOS,2026-03-27T23:30Z,BOS,ATL,59.4,70.5,65.7,-4.8,False,-278,-218,-4.5,102-109,W,0,0,0.102,https://www.espn.com/nba/game/_/gameId/401810922
C,2024-11-02,2024-25,ESPN BET,BOS @ CHO,2024-11-02T22:00Z,BOS,CHO,82.0,85.5,80.8,-4.7,False,-1000,-525,10.5,113-103,W,1,1,-0.016,https://www.espn.com/nba/game/_/gameId/401704707
C,2025-03-05,2024-25,ESPN BET,POR @ BOS,2025-03-06T00:00Z,BOS,POR,78.4,80.2,75.5,-4.7,False,-550,-380,-8.5,118-128,W,0,0,-0.037,https://www.espn.com/nba/game/_/gameId/401705457
C,2025-10-28,2025-26,ESPN BET,SAC @ OKC,2025-10-29T00:00Z,OKC,SAC,73.0,82.0,77.3,-4.7,False,-650,-425,-8.5,101-107,W,1,0,0.057,https://www.espn.com/nba/game/_/gameId/401809981
C,2026-01-16,2025-26,DraftKings,CLE @ PHI,2026-01-17T00:00Z,CLE,PHI,50.6,49.6,44.9,-4.7,True,-108,114,-2.5,117-115,W,0,0,-0.12,https://www.espn.com/nba/game/_/gameId/401810444
C,2024-11-16,2024-25,ESPN BET,UTA @ SAC,2024-11-17T03:00Z,SAC,UTA,85.1,75.5,70.9,-4.6,False,-380,-280,-7.5,117-121,W,1,0,-0.183,https://www.espn.com/nba/game/_/gameId/401704799
C,2024-12-01,2024-25,ESPN BET,DAL @ POR,2024-12-02T02:00Z,DAL,POR,73.8,68.9,64.3,-4.6,False,-250,-200,5.5,137-131,W,1,0,-0.138,https://www.espn.com/nba/game/_/gameId/401704878
C,2024-12-12,2024-25,ESPN BET,DET @ BOS,2024-12-13T00:30Z,BOS,DET,81.3,88.1,83.5,-4.6,False,-1200,-750,-11.5,99-123,W,0,0,0.027,https://www.espn.com/nba/game/_/gameId/401736799
C,2025-01-22,2024-25,ESPN BET,GSW @ SAC,2025-01-23T03:00Z,SAC,GSW,67.1,75.5,70.9,-4.6,False,-380,-280,-7.5,117-123,W,0,0,0.055,https://www.espn.com/nba/game/_/gameId/401705185
C,2025-03-30,2024-25,ESPN BET,POR @ NYK,2025-03-30T22:00Z,NYK,POR,65.7,75.5,70.9,-4.6,False,-380,-280,-7.5,93-110,W,0,0,0.076,https://www.espn.com/nba/game/_/gameId/401705648
C,2025-04-10,2024-25,ESPN BET,NYK @ DET,2025-04-10T23:00Z,DET,NYK,57.8,63.7,59.1,-4.6,False,-195,-160,-4.5,106-115,W,0,0,0.022,https://www.espn.com/nba/game/_/gameId/401705733
C,2025-10-26,2025-26,ESPN BET,BOS @ DET,2025-10-26T19:30Z,DET,BOS,52.1,59.9,55.3,-4.6,False,-165,-135,-2.5,113-119,W,0,0,0.058,https://www.espn.com/nba/game/_/gameId/401809961
C,2025-11-07,2025-26,ESPN BET,UTA @ MIN,2025-11-08T01:00Z,MIN,UTA,82.9,88.1,83.5,-4.6,False,-1200,-750,-12.5,97-137,W,0,0,0.008,https://www.espn.com/nba/game/_/gameId/401809778
C,2025-11-24,2025-26,ESPN BET,NYK @ BRK,2025-11-25T00:30Z,NYK,BRK,85.2,88.1,83.5,-4.6,False,-1200,-750,13.5,113-100,W,0,1,-0.02,https://www.espn.com/nba/game/_/gameId/401810140
C,2026-01-26,2025-26,DraftKings,PHI @ CHO,2026-01-26T20:00Z,CHO,PHI,54.4,57.2,52.6,-4.6,False,-148,-122,-1.5,93-130,W,0,0,-0.033,https://www.espn.com/nba/game/_/gameId/401810512
C,2026-02-22,2025-26,DraftKings,DAL @ IND,2026-02-22T22:00Z,DAL,IND,53.8,56.3,51.7,-4.6,False,-142,-118,1.5,134-130,W,0,0,-0.04,https://www.espn.com/nba/game/_/gameId/401810676
C,2026-03-31,2025-26,DraftKings,DAL @ MIL,2026-04-01T00:00Z,MIL,DAL,61.5,48.3,43.7,-4.6,True,-102,120,2.5,99-123,W,0,1,-0.343,https://www.espn.com/nba/game/_/gameId/401858694
C,2026-04-01,2025-26,DraftKings,ATL @ ORL,2026-04-01T23:00Z,ATL,ORL,71.0,60.9,56.3,-4.6,False,-175,-142,2.5,130-101,W,0,1,-0.231,https://www.espn.com/nba/game/_/gameId/401810962
C,2024-11-20,2024-25,ESPN BET,ATL @ GSW,2024-11-21T03:00Z,GSW,ATL,86.5,76.2,71.7,-4.5,False,-400,-290,-7.5,97-120,W,0,0,-0.189,https://www.espn.com/nba/game/_/gameId/401704824
C,2024-12-26,2024-25,ESPN BET,HOU @ NOP,2024-12-27T01:00Z,HOU,NOP,81.0,75.5,71.0,-4.5,False,-380,-285,6.5,128-111,W,0,0,-0.133,https://www.espn.com/nba/game/_/gameId/401704982
C,2025-01-02,2024-25,ESPN BET,BOS @ MIN,2025-01-03T00:30Z,BOS,MIN,69.0,60.7,56.2,-4.5,False,-170,-140,2.5,118-115,W,0,0,-0.205,https://www.espn.com/nba/game/_/gameId/401705030
C,2025-02-09,2024-25,ESPN BET,TOR @ HOU,2025-02-09T19:00Z,HOU,TOR,66.9,79.3,74.8,-4.5,False,-500,-360,-8.5,87-94,W,1,0,0.112,https://www.espn.com/nba/game/_/gameId/401705319
C,2025-03-15,2024-25,ESPN BET,CHI @ HOU,2025-03-16T00:00Z,HOU,CHI,64.1,79.3,74.8,-4.5,False,-500,-360,-8.5,114-117,W,1,0,0.155,https://www.espn.com/nba/game/_/gameId/401705536
C,2025-11-10,2025-26,ESPN BET,CLE @ MIA,2025-11-11T00:30Z,MIA,CLE,64.1,32.1,27.6,-4.5,True,200,250,7.5,138-140,W,0,0,-0.844,https://www.espn.com/nba/game/_/gameId/401810056
C,2024-11-15,2024-25,ESPN BET,MEM @ GSW,2024-11-16T03:00Z,GSW,MEM,73.4,76.2,71.8,-4.4,False,-400,-300,-6.5,118-123,W,0,0,-0.021,https://www.espn.com/nba/game/_/gameId/401703388
C,2024-12-23,2024-25,ESPN BET,HOU @ CHO,2024-12-24T00:00Z,HOU,CHO,69.4,70.9,66.5,-4.4,False,-280,-230,6.5,114-101,W,1,0,-0.043,https://www.espn.com/nba/game/_/gameId/401704957
C,2025-02-05,2024-25,ESPN BET,CLE @ DET,2025-02-06T00:00Z,CLE,DET,69.6,64.3,59.9,-4.4,False,-200,-165,3.5,118-115,W,1,0,-0.15,https://www.espn.com/nba/game/_/gameId/401705284
C,2025-03-19,2024-25,ESPN BET,DET @ MIA,2025-03-19T23:30Z,DET,MIA,66.1,65.1,60.7,-4.4,False,-210,-170,4.5,116-113,W,0,0,-0.086,https://www.espn.com/nba/game/_/gameId/401705566
C,2025-03-25,2024-25,ESPN BET,ORL @ CHO,2025-03-25T23:00Z,ORL,CHO,57.0,64.3,59.9,-4.4,False,-200,-165,4.5,111-104,W,1,0,0.049,https://www.espn.com/nba/game/_/gameId/401705611
C,2025-04-06,2024-25,ESPN BET,HOU @ GSW,2025-04-07T00:30Z,HOU,GSW,50.2,38.6,34.2,-4.4,True,150,180,-5.5,106-96,W,0,0,-0.385,https://www.espn.com/nba/game/_/gameId/401705709
C,2025-10-29,2025-26,ESPN BET,NOP @ DEN,2025-10-30T01:00Z,DEN,NOP,86.6,86.4,82.0,-4.4,False,-1000,-650,-11.5,88-122,W,0,0,-0.055,https://www.espn.com/nba/game/_/gameId/401809989
C,2025-12-18,2025-26,DraftKings,NYK @ IND,2025-12-19T00:00Z,NYK,IND,84.5,63.7,59.3,-4.4,False,-198,-162,3.5,114-113,W,0,0,-0.354,https://www.espn.com/nba/game/_/gameId/401810227
C,2024-11-06,2024-25,ESPN BET,DET @ CHO,2024-11-07T00:00Z,CHO,DET,57.6,53.2,48.9,-4.3,True,-125,-105,1.5,107-108,W,0,0,-0.164,https://www.espn.com/nba/game/_/gameId/401704735
C,2024-11-21,2024-25,ESPN BET,UTA @ SAS,2024-11-22T01:00Z,SAS,UTA,81.8,61.4,57.1,-4.3,False,-175,-145,-2.5,118-126,W,0,0,-0.36,https://www.espn.com/nba/game/_/gameId/401704828
C,2024-11-25,2024-25,ESPN BET,OKC @ SAC,2024-11-26T03:00Z,OKC,SAC,66.2,61.4,57.1,-4.3,False,-175,-145,3.5,130-109,W,0,1,-0.148,https://www.espn.com/nba/game/_/gameId/401704851
C,2024-12-08,2024-25,ESPN BET,MIL @ BRK,2024-12-08T20:30Z,MIL,BRK,66.5,71.7,67.4,-4.3,False,-290,-235,6.5,118-113,W,0,0,0.014,https://www.espn.com/nba/game/_/gameId/401704914
C,2024-12-15,2024-25,ESPN BET,DAL @ GSW,2024-12-16T01:30Z,DAL,GSW,51.4,54.3,50.0,-4.3,False,-130,-110,-1.5,143-133,W,0,0,-0.027,https://www.espn.com/nba/game/_/gameId/401737912
C,2024-12-26,2024-25,ESPN BET,TOR @ MEM,2024-12-27T01:00Z,MEM,TOR,85.4,85.4,81.1,-4.3,False,-900,-600,-10.5,126-155,W,0,0,-0.052,https://www.espn.com/nba/game/_/gameId/401704980
C,2025-01-05,2024-25,ESPN BET,BOS @ OKC,2025-01-05T20:30Z,OKC,BOS,52.4,54.3,50.0,-4.3,False,-130,-110,-0.5,92-105,W,0,0,-0.047,https://www.espn.com/nba/game/_/gameId/401705053
C,2025-01-29,2024-25,ESPN BET,MIN @ PHO,2025-01-30T02:00Z,MIN,PHO,53.5,53.2,48.9,-4.3,True,-125,-105,-0.5,121-113,W,0,0,-0.09,https://www.espn.com/nba/game/_/gameId/401705238
C,2025-03-09,2024-25,ESPN BET,UTA @ PHI,2025-03-09T23:30Z,PHI,UTA,61.2,72.4,68.1,-4.3,False,-300,-245,-6.5,122-126,W,0,0,0.106,https://www.espn.com/nba/game/_/gameId/401705490
C,2025-04-05,2024-25,ESPN BET,MIL @ MIA,2025-04-06T00:00Z,MIL,MIA,52.7,53.2,48.9,-4.3,True,-125,-105,-0.5,121-115,W,0,0,-0.075,https://www.espn.com/nba/game/_/gameId/401705697
C,2025-12-22,2025-26,DraftKings,UTA @ DEN,2025-12-23T02:00Z,DEN,UTA,86.4,88.0,83.7,-4.3,False,-1100,-675,-12.5,112-135,W,0,0,-0.032,https://www.espn.com/nba/game/_/gameId/401810260
C,2026-02-06,2025-26,DraftKings,IND @ MIL,2026-02-07T01:00Z,MIL,IND,66.7,51.7,47.4,-4.3,True,-118,102,1.5,99-105,W,0,0,-0.341,https://www.espn.com/nba/game/_/gameId/401810598
C,2026-02-28,2025-26,DraftKings,NOP @ UTA,2026-03-01T02:30Z,NOP,UTA,59.6,70.0,65.7,-4.3,False,-270,-218,5.5,115-105,W,0,0,0.099,https://www.espn.com/nba/game/_/gameId/401810722
C,2026-03-04,2025-26,DraftKings,UTA @ PHI,2026-03-05T00:30Z,PHI,UTA,64.1,77.7,73.4,-4.3,False,-425,-325,-7.5,102-106,W,1,0,0.135,https://www.espn.com/nba/game/_/gameId/401810750
C,2026-03-18,2025-26,DraftKings,ATL @ DAL,2026-03-19T00:30Z,ATL,DAL,67.3,77.7,73.4,-4.3,False,-425,-325,8.5,135-120,W,0,0,0.086,https://www.espn.com/nba/game/_/gameId/401810861
C,2026-03-25,2025-26,DraftKings,HOU @ MIN,2026-03-26T01:42Z,MIN,HOU,65.3,50.0,45.7,-4.3,True,-110,110,1.5,108-110,W,0,0,-0.356,https://www.espn.com/nba/game/_/gameId/401810913
C,2024-11-08,2024-25,ESPN BET,HOU @ OKC,2024-11-09T01:00Z,OKC,HOU,77.7,78.3,74.1,-4.2,False,-450,-340,-7.5,107-126,W,0,0,-0.048,https://www.espn.com/nba/game/_/gameId/401704758
C,2024-11-25,2024-25,ESPN BET,DAL @ ATL,2024-11-26T00:30Z,DAL,ATL,60.0,48.9,44.7,-4.2,True,-105,115,-2.5,129-119,W,1,0,-0.293,https://www.espn.com/nba/game/_/gameId/401704846
C,2025-02-01,2024-25,ESPN BET,DEN @ CHO,2025-02-02T00:00Z,DEN,CHO,72.2,89.4,85.2,-4.2,False,-1600,-800,12.5,107-104,W,1,1,0.166,https://www.espn.com/nba/game/_/gameId/401705254
C,2025-10-27,2025-26,ESPN BET,ORL @ PHI,2025-10-27T23:00Z,PHI,ORL,53.1,36.3,32.1,-4.2,True,165,200,6.5,124-136,W,0,0,-0.505,https://www.espn.com/nba/game/_/gameId/401809969
C,2024-12-04,2024-25,ESPN BET,DET @ BOS,2024-12-05T00:30Z,BOS,DET,87.3,90.5,86.4,-4.1,False,-1800,-1000,-12.5,120-130,W,0,1,-0.01,https://www.espn.com/nba/game/_/gameId/401704885
C,2025-03-12,2024-25,ESPN BET,PHI @ TOR,2025-03-12T23:30Z,TOR,PHI,59.8,60.7,56.6,-4.1,False,-170,-145,-2.5,105-118,W,0,0,-0.056,https://www.espn.com/nba/game/_/gameId/401705513
C,2025-03-31,2024-25,ESPN BET,SAC @ IND,2025-03-31T23:00Z,IND,SAC,71.0,64.3,60.2,-4.1,False,-200,-170,-3.5,109-111,W,0,0,-0.166,https://www.espn.com/nba/game/_/gameId/401705656
C,2025-11-30,2025-26,DraftKings,ATL @ PHI,2025-11-30T23:00Z,ATL,PHI,56.3,47.8,43.7,-4.1,True,100,120,-2.5,142-134,W,0,0,-0.255,https://www.espn.com/nba/game/_/gameId/401810159
C,2025-12-15,2025-26,DraftKings,MEM @ LAC,2025-12-16T03:30Z,MEM,LAC,53.6,38.4,34.3,-4.1,True,150,180,-5.5,121-103,W,0,0,-0.449,https://www.espn.com/nba/game/_/gameId/401836807
C,2025-12-27,2025-26,DraftKings,IND @ MIA,2025-12-28T01:00Z,MIA,IND,79.1,74.1,70.0,-4.1,False,-340,-270,-6.5,116-142,W,1,1,-0.123,https://www.espn.com/nba/game/_/gameId/401810291
C,2026-01-21,2025-26,DraftKings,DET @ NOP,2026-01-22T01:00Z,DET,NOP,75.5,74.1,70.0,-4.1,False,-340,-270,7.5,112-104,W,0,0,-0.076,https://www.espn.com/nba/game/_/gameId/401810479
C,2026-02-06,2025-26,DraftKings,MIA @ BOS,2026-02-07T00:30Z,BOS,MIA,71.9,70.5,66.4,-4.1,False,-278,-225,-5.5,96-98,W,0,0,-0.08,https://www.espn.com/nba/game/_/gameId/401810596
C,2026-02-12,2025-26,DraftKings,POR @ UTA,2026-02-13T02:00Z,POR,UTA,56.7,71.0,66.9,-4.1,False,-285,-230,6.5,135-119,W,1,1,0.166,https://www.espn.com/nba/game/_/gameId/401810645
C,2026-02-26,2025-26,DraftKings,SAS @ BRK,2026-02-27T00:30Z,SAS,BRK,75.3,85.8,81.7,-4.1,False,-850,-575,10.5,126-110,W,1,0,0.082,https://www.espn.com/nba/game/_/gameId/401810706
C,2026-03-01,2025-26,DraftKings,MIN @ DEN,2026-03-01T20:30Z,MIN,DEN,51.7,47.8,43.7,-4.1,True,100,120,-2.5,117-108,W,0,0,-0.169,https://www.espn.com/nba/game/_/gameId/401810726
C,2026-03-03,2025-26,DraftKings,DET @ CLE,2026-03-04T00:00Z,CLE,DET,51.8,47.8,43.7,-4.1,True,100,120,2.5,109-113,W,0,0,-0.172,https://www.espn.com/nba/game/_/gameId/401810739
C,2026-03-10,2025-26,DraftKings,MIN @ LAL,2026-03-11T03:00Z,LAL,MIN,50.9,47.8,43.7,-4.1,True,100,120,2.5,106-120,W,0,0,-0.153,https://www.espn.com/nba/game/_/gameId/401810801
C,2024-10-25,2024-25,ESPN BET,PHO @ LAL,2024-10-26T02:00Z,LAL,PHO,58.0,56.2,52.2,-4.0,False,-140,-120,-1.5,116-123,W,0,0,-0.105,https://www.espn.com/nba/game/_/gameId/401704651
C,2024-11-30,2024-25,ESPN BET,WAS @ MIL,2024-12-01T01:00Z,MIL,WAS,91.7,92.0,88.0,-4.0,False,-2500,-1100,-14.5,114-124,W,0,0,-0.042,https://www.espn.com/nba/game/_/gameId/401704868
C,2025-03-13,2024-25,ESPN BET,BRK @ CHI,2025-03-14T00:00Z,CHI,BRK,67.3,56.2,52.2,-4.0,False,-140,-120,-1.5,110-116,W,0,0,-0.254,https://www.espn.com/nba/game/_/gameId/401705522
C,2025-04-11,2024-25,ESPN BET,WAS @ CHI,2025-04-12T00:00Z,CHI,WAS,81.0,89.4,85.4,-4.0,False,-1600,-900,-13.5,89-119,W,0,0,0.053,https://www.espn.com/nba/game/_/gameId/401705742
C,2026-02-05,2025-26,DraftKings,CHI @ TOR,2026-02-06T00:30Z,TOR,CHI,53.3,76.6,72.6,-4.0,False,-395,-310,-7.5,107-123,W,1,0,0.308,https://www.espn.com/nba/game/_/gameId/401810591
C,2026-03-03,2025-26,DraftKings,PHO @ SAC,2026-03-04T04:00Z,PHO,SAC,68.8,79.1,75.1,-4.0,False,-470,-360,9.5,114-103,W,0,0,0.087,https://www.espn.com/nba/game/_/gameId/401810747
